-- MySQL dump 10.13  Distrib 5.7.36, for Linux (x86_64)
--
-- Host: localhost    Database: mrbs
-- ------------------------------------------------------
-- Server version	5.7.36

/*!40101 SET @OLD_CHARACTER_SET_CLIENT=@@CHARACTER_SET_CLIENT */;
/*!40101 SET @OLD_CHARACTER_SET_RESULTS=@@CHARACTER_SET_RESULTS */;
/*!40101 SET @OLD_COLLATION_CONNECTION=@@COLLATION_CONNECTION */;
/*!40101 SET NAMES utf8 */;
/*!40103 SET @OLD_TIME_ZONE=@@TIME_ZONE */;
/*!40103 SET TIME_ZONE='+00:00' */;
/*!40014 SET @OLD_UNIQUE_CHECKS=@@UNIQUE_CHECKS, UNIQUE_CHECKS=0 */;
/*!40014 SET @OLD_FOREIGN_KEY_CHECKS=@@FOREIGN_KEY_CHECKS, FOREIGN_KEY_CHECKS=0 */;
/*!40101 SET @OLD_SQL_MODE=@@SQL_MODE, SQL_MODE='NO_AUTO_VALUE_ON_ZERO' */;
/*!40111 SET @OLD_SQL_NOTES=@@SQL_NOTES, SQL_NOTES=0 */;

--
-- Table structure for table `app_staff`
--

DROP TABLE IF EXISTS `app_staff`;
/*!40101 SET @saved_cs_client     = @@character_set_client */;
/*!40101 SET character_set_client = utf8 */;
CREATE TABLE `app_staff` (
  `id` bigint(20) NOT NULL,
  `created_at` bigint(20) DEFAULT NULL,
  `updated_at` bigint(20) DEFAULT NULL,
  `is_active` bit(1) DEFAULT NULL,
  `date_of_birth` varchar(255) COLLATE utf8mb4_unicode_ci DEFAULT NULL,
  `department_id` bigint(20) DEFAULT NULL,
  `direct_manager` varchar(255) COLLATE utf8mb4_unicode_ci DEFAULT NULL,
  `email` varchar(255) COLLATE utf8mb4_unicode_ci DEFAULT NULL,
  `employee_id` varchar(255) COLLATE utf8mb4_unicode_ci DEFAULT NULL,
  `gender` varchar(255) COLLATE utf8mb4_unicode_ci DEFAULT NULL,
  `is_leader` bit(1) DEFAULT NULL,
  `mail_type` varchar(255) COLLATE utf8mb4_unicode_ci DEFAULT NULL,
  `mobile_phone` varchar(255) COLLATE utf8mb4_unicode_ci DEFAULT NULL,
  `name` varchar(255) COLLATE utf8mb4_unicode_ci DEFAULT NULL,
  `onboard_date` varchar(255) COLLATE utf8mb4_unicode_ci DEFAULT NULL,
  `others_mail` varchar(255) COLLATE utf8mb4_unicode_ci DEFAULT NULL,
  `position_role` varchar(255) COLLATE utf8mb4_unicode_ci DEFAULT NULL,
  `umid` varchar(255) COLLATE utf8mb4_unicode_ci DEFAULT NULL,
  `others_email` varchar(255) COLLATE utf8mb4_unicode_ci DEFAULT NULL,
  `contract` varchar(255) COLLATE utf8mb4_unicode_ci DEFAULT NULL,
  `role` varchar(255) COLLATE utf8mb4_unicode_ci DEFAULT NULL,
  `leave_off` varchar(255) COLLATE utf8mb4_unicode_ci DEFAULT NULL,
  `leader` varchar(255) COLLATE utf8mb4_unicode_ci DEFAULT NULL,
  `status` bit(1) DEFAULT NULL,
  `avatar` varchar(255) COLLATE utf8mb4_unicode_ci DEFAULT NULL,
  `strip_accent_name` varchar(255) COLLATE utf8mb4_unicode_ci DEFAULT NULL,
  PRIMARY KEY (`id`) USING BTREE
) ENGINE=InnoDB DEFAULT CHARSET=utf8mb4 COLLATE=utf8mb4_unicode_ci ROW_FORMAT=DYNAMIC;
/*!40101 SET character_set_client = @saved_cs_client */;

--
-- Dumping data for table `app_staff`
--

LOCK TABLES `app_staff` WRITE;
/*!40000 ALTER TABLE `app_staff` DISABLE KEYS */;
INSERT INTO `app_staff` VALUES (301,1652106805000,1652110727000,_binary '\0','02/02/2000',4,'Nguyễn Tuấn Việt','dvsang23452@cmcglobal.vn','3478273443','male',_binary '\0',NULL,'0355008586','sad','09/05/2022',NULL,'DEV','string5455','sangdinh1997@gmail.com','Có thời hạn','Se01',NULL,'Nguyễn Vĩ',_binary '',NULL,NULL),(316,1652351056000,1653491360000,_binary '\0','10/01/1997',4,'Nguyễn Tuấn Việt','vcminh@cmcglobal.vn','00423','Female',_binary '\0',NULL,'0973436436','Vũ Công Minh','04/05/2022',NULL,'dd',NULL,NULL,'fixedTermContract','PM03','30/07/2022','Bindz',_binary '',NULL,NULL),(351,1660644231000,1670931087000,_binary '','02/05/1991',4,'Nguyễn Tuấn Việt','dtdat2@cmcglobal.vn','0521','Male',_binary '\0',NULL,'0975295990','Đỗ Tiến Đạt','12/10/2018',NULL,'dm',NULL,NULL,'permContract','se03',NULL,'Nguyễn Tuấn Việt',_binary '','/api/v1/mrbs/file/ttgWJvFL','Do Tien Dat'),(381,1662562595000,1667213990000,_binary '','12/10/1997',4,'Nguyễn Tuấn Việt','vcminh@cmcglobal.vn','004258','Male',_binary '\0',NULL,'0969959761','Vũ Công Minh','04/04/2022',NULL,'se',NULL,NULL,'fixedTermContract','se03',NULL,'Nguyễn Tuấn Việt',_binary '',NULL,'Vu Cong Minh'),(405,1662564408000,1667214010000,_binary '','25/12/1998',4,'Nguyễn Tuấn Việt','ltnminh@cmcglobal.vn','002053','Female',_binary '\0',NULL,'0348054111','Lương Thị Ngọc Minh','04/05/2021',NULL,'se',NULL,NULL,'fixedTermContract','se03',NULL,'Nguyễn Tuấn Việt',_binary '',NULL,'Luong Thi Ngoc Minh'),(423,1662565154000,1667214352000,_binary '','23/04/1996',422,'Nguyễn Trung Hiếu','ttluc@cmcglobal.vn','002557','Male',_binary '\0',NULL,'0364355754','Tô Tiến Lực','05/07/2021',NULL,'se',NULL,NULL,'fixedTermContract','se03',NULL,'Nguyễn Trung Hiếu',_binary '',NULL,'To Tien Luc'),(446,1662565650000,1667214214000,_binary '','12/05/1996',4,'Nguyễn Tuấn Việt','ntlinh5@cmcglobal.vn','001309','Male',_binary '\0',NULL,'0983168496','Nguyễn Tuấn Linh','17/08/2020',NULL,'se',NULL,NULL,'fixedTermContract','se03',NULL,'Nguyễn Tuấn Việt',_binary '',NULL,'Nguyen Tuan Linh'),(460,1662566295000,1667214346000,_binary '','26/10/1998',4,'Nguyễn Tuấn Việt','nqcuong@cmcglobal.vn','001260','Male',_binary '\0',NULL,'0366944790','Nguyễn Quốc Cường','13/07/2020',NULL,'se',NULL,NULL,'fixedTermContract','se02',NULL,'Nguyễn Tuấn Việt',_binary '',NULL,'Nguyen Quoc Cuong'),(478,1662566800000,1667214340000,_binary '','29/10/1994',4,'Nguyễn Tuấn Việt','nmquan1@cmcglobal.vn','001474','Male',_binary '\0',NULL,'0335147594','Nguyễn Minh Quân','20/11/2020',NULL,'se',NULL,NULL,'fixedTermContract','se02',NULL,'Nguyễn Tuấn Việt',_binary '','/api/v1/mrbs/file/zR3magen','Nguyen Minh Quan'),(495,1662567525000,1667214330000,_binary '','14/12/1993',4,'Nguyễn Tuấn Việt','htncham@cmcglobal.vn','001782','Female',_binary '\0',NULL,'0915098993','Hứa Thị Ngọc Châm','23/03/2021',NULL,'tester',NULL,NULL,'fixedTermContract','se01',NULL,'Nguyễn Tuấn Việt',_binary '',NULL,'Hua Thi Ngoc Cham'),(509,1662567951000,1667214326000,_binary '','21/07/1992',4,'Nguyễn Tuấn Việt','nthong4@cmcglobal.vn','004340','Female',_binary '\0',NULL,'0983936884','Nguyễn Thị Hồng','11/04/2022',NULL,'tester',NULL,NULL,'fixedTermContract','other',NULL,'Nguyễn Tuấn Việt',_binary '',NULL,'Nguyen Thi Hong'),(520,1662568386000,1667214320000,_binary '','23/04/1992',4,'Nguyễn Tuấn Việt','vvthan@cmcglobal.vn','002348','Male',_binary '\0',NULL,'0352392292','Vũ Văn Thân','07/06/2021',NULL,'se',NULL,NULL,'fixedTermContract','se04',NULL,'Nguyễn Tuấn Việt',_binary '',NULL,'Vu Van Than'),(525,1662568631000,1667214314000,_binary '','11/06/1994',4,'Nguyễn Tuấn Việt','vtnam1@cmcglobal.vn','003306','Male',_binary '\0',NULL,'0385263994','Vũ Tú Nam','08/11/2021',NULL,'se',NULL,NULL,'fixedTermContract','other',NULL,'Nguyễn Tuấn Việt',_binary '',NULL,'Vu Tu Nam'),(542,1662569201000,1667214309000,_binary '','26/07/1997',4,'Nguyễn Tuấn Việt','tvcuong6@cmcglobal.vn','0000','Male',_binary '\0',NULL,'0387290316','Trần Việt Cường','23/05/2022',NULL,'se',NULL,NULL,'fixedTermContract','other',NULL,'Nguyễn Tuấn Việt',_binary '',NULL,'Tran Viet Cuong'),(543,1662569297000,1667214301000,_binary '','04/11/2002',4,'Nguyễn Tuấn Việt','lpnam3@cmcglobal.vn','00','Male',_binary '\0',NULL,'0867896771','Lê Phương Nam','04/07/2022',NULL,'se',NULL,NULL,'fixedTermContract','other',NULL,'Nguyễn Tuấn Việt',_binary '',NULL,'Le Phuong Nam'),(562,1662569735000,1667214290000,_binary '','26/08/1987',4,'Nguyễn Tuấn Việt','ldthang2@cmcglobal.vn','002349','Male',_binary '\0',NULL,'0975407587','Lê Đức Thắng','07/06/2021',NULL,'se',NULL,NULL,'fixedTermContract','other',NULL,'Nguyễn Tuấn Việt',_binary '',NULL,'Le Duc Thang'),(576,1662570176000,1667214283000,_binary '','26/07/1996',4,'Nguyễn Tuấn Việt','vhnam@cmcglobal.vn','003204','Male',_binary '\0',NULL,'0987402975','Vũ Hồng Nam','18/10/2021',NULL,'ba',NULL,NULL,'fixedTermContract','other',NULL,'Nguyễn Tuấn Việt',_binary '',NULL,'Vu Hong Nam'),(587,1662570720000,1667214278000,_binary '','29/04/1998',4,'Nguyễn Tuấn Việt','ldnang@cmcglobal.vn','002330','Male',_binary '\0',NULL,'0373481062','Lê Đức Năng','31/05/2021',NULL,'se',NULL,NULL,'fixedTermContract','se03',NULL,'Nguyễn Tuấn Việt',_binary '',NULL,'Le Duc Nang'),(604,1662571209000,1667214272000,_binary '','27/06/1996',4,'Nguyễn Tuấn Việt','vnthinh@cmcglobal.vn','002911','Male',_binary '\0',NULL,'0393866342','Vũ Ngọc Thịnh','23/08/2021',NULL,'se',NULL,NULL,'fixedTermContract','other',NULL,'Nguyễn Tuấn Việt',_binary '',NULL,'Vu Ngoc Thinh'),(621,1662571921000,1667214266000,_binary '','03/06/1994',4,'Nguyễn Tuấn Việt','nmhao@cmcglobal.vn','001466','Male',_binary '\0',NULL,'0355994430','Nguyễn Mạnh Hào','10/11/2020',NULL,'se',NULL,NULL,'fixedTermContract','se04',NULL,'Nguyễn Tuấn Việt',_binary '',NULL,'Nguyen Manh Hao'),(644,1662647876000,1667213664000,_binary '','19/08/2000',16,'Nguyễn Trần Phương','nvtruong4@cmcglobal.vn','00011','Male',_binary '\0',NULL,'0983365715','Nguyễn Văn Trường','01/04/2022',NULL,'se',NULL,NULL,'fixedTermContract','se04',NULL,'Nguyễn Tuấn Việt',_binary '','/api/v1/mrbs/file/1M76tsYk','Nguyen Van Truong'),(652,1662648254000,1670000473000,_binary '','20/11/1997',4,'Nguyễn Tuấn Việt','tmnhat@cmcglobal.vn','001879','Male',_binary '\0',NULL,'0961592197','Trịnh Minh Nhật','12/04/2021',NULL,'se',NULL,NULL,'fixedTermContract','se04',NULL,'Nguyễn Tuấn Việt',_binary '',NULL,'Trinh Minh Nhat'),(662,1662648799000,1667214383000,_binary '','18/09/1994',4,'Nguyễn Tuấn Việt','nttham1@cmcglobal.vn','002953','Female',_binary '\0',NULL,'0359548258','Nguyễn Thị Thắm','30/08/2021',NULL,'tester',NULL,NULL,'fixedTermContract','se04',NULL,'Nguyễn Tuấn Việt',_binary '',NULL,'Nguyen Thi Tham'),(679,1662650180000,1667214399000,_binary '','09/02/1989',186,' Nguyễn Thị Nhung','nthtruc@cmcglobal.vn','0008','Female',_binary '\0',NULL,'0948266494','Nguyễn Thị Hồng Trúc','06/06/2020',NULL,'tester',NULL,NULL,'fixedTermContract','other',NULL,'Nguyễn Tuyết Nhung',_binary '',NULL,'Nguyen Thi Hong Truc'),(688,1662650908000,1667214403000,_binary '','28/05/1991',4,'Nguyễn Tuấn Việt','tvtrang@cmcglobal.vn','001090','Female',_binary '\0',NULL,'0932280591','Trần Vân Trang','27/11/2019',NULL,'other',NULL,NULL,'fixedTermContract','other',NULL,'Nguyễn Tuấn Việt',_binary '',NULL,'Tran Van Trang'),(699,1662651484000,1667214412000,_binary '','29/06/1996',187,'Bùi Xuân Trung','ltduc1@cmcglobal.vn','0012','Male',_binary '\0',NULL,'0888608889','Lê Thanh Đức','25/08/2022',NULL,'other',NULL,NULL,'fixedTermContract','other',NULL,'Bùi Xuân Trung',_binary '',NULL,'Le Thanh Duc'),(704,1662652461000,1667214419000,_binary '','10/05/1984',4,'Nguyễn Tuấn Việt','nthanh@cmcglobal.vn','001520','Female',_binary '\0',NULL,'0777366225','Nguyễn Thị Hạnh','21/12/2020',NULL,'pm',NULL,NULL,'fixedTermContract','pm03',NULL,'Nguyễn Tuấn Việt',_binary '',NULL,'Nguyen Thi Hanh'),(727,1663170102000,1667214427000,_binary '','27/05/1994',4,'Nguyễn Tuấn Việt','ltquynh@cmcglobal.vn','002852','Female',_binary '\0',NULL,'0916989423','Lê Tú Quỳnh','16/08/2021',NULL,'ba',NULL,NULL,'fixedTermContract','ba02',NULL,'Nguyễn Tuấn Việt',_binary '',NULL,'Le Tu Quynh'),(747,1663235604000,1667214434000,_binary '','26/05/1981',4,'Nguyễn Tuấn Việt','ptlam@cmcglobal.vn','000041','Unknown',_binary '\0',NULL,'0964911692','Phan Trọng Lam','05/05/2014',NULL,'other',NULL,NULL,'fixedTermContract','other',NULL,'Nguyễn Tuấn Việt',_binary '','/api/v1/mrbs/file/m0VI9NaV','Phan Trong Lam'),(758,1663237567000,1669628163000,_binary '','30/11/1978',186,' Nguyễn Thị Nhung','httdung1@cmcglobal.vn','00008','Female',_binary '\0',NULL,'0976545355','Hoàng Thị Thanh Dung','01/01/2020',NULL,'tester',NULL,NULL,'fixedTermContract','other',NULL,'Nguyễn Tuấn Việt',_binary '\0',NULL,'Hoang Thi Thanh Dung'),(776,1663252142000,1667214449000,_binary '','06/01/1994',4,'Nguyễn Tuấn Việt','txtruong@cmcglobal.vn','001574','Male',_binary '\0',NULL,'0988769932','Tống Xuân Trường','20/01/2021',NULL,'se',NULL,NULL,'fixedTermContract','se04',NULL,'Nguyễn Tuấn Việt',_binary '',NULL,'Tong Xuan Truong'),(790,1663253920000,1667214185000,_binary '','12/10/1987',4,'Nguyễn Tuấn Việt','lqhuy@cmcglobal.vn','001088','Male',_binary '\0',NULL,'0946945508','Lê Quang Huy','18/11/2019',NULL,'se',NULL,NULL,'fixedTermContract','other',NULL,'Nguyễn Tuấn Việt',_binary '',NULL,'Le Quang Huy'),(800,1663254367000,1667214146000,_binary '','10/12/1991',4,'Nguyễn Tuấn Việt','nttrung7@cmcglobal.vn','005346','Male',_binary '\0',NULL,'0969655585','Nguyễn Thành Trung','25/07/2022',NULL,'se',NULL,NULL,'fixedTermContract','other',NULL,'Nguyễn Tuấn Việt',_binary '',NULL,'Nguyen Thanh Trung'),(804,1663254672000,1670865788000,_binary '','17/09/2001',4,'Nguyễn Tuấn Việt','nttinh1@cmcglobal.vn','005115','Female',_binary '\0',NULL,'0962036515','Nguyễn Thị Tình','04/07/2022',NULL,'se',NULL,NULL,'fixedTermContract','other',NULL,'Nguyễn Tuấn Việt',_binary '',NULL,'Nguyen Thi Tinh'),(814,1663254901000,1667214136000,_binary '','17/02/2000',4,'Nguyễn Tuấn Việt','pbnam@cmcglobal.vn','003652','Male',_binary '\0',NULL,'0348712311','Phạm Bá Nam','04/05/2022',NULL,'se',NULL,NULL,'fixedTermContract','other',NULL,'Nguyễn Tuấn Việt',_binary '',NULL,'Pham Ba Nam'),(824,1663255264000,1667214131000,_binary '','08/06/2000',4,'Nguyễn Tuấn Việt','vttan@cmcglobal.vn','005381','Male',_binary '\0',NULL,'0586681686','Vũ Trần Thái An','01/08/2022',NULL,'se',NULL,NULL,'fixedTermContract','other',NULL,'Nguyễn Tuấn Việt',_binary '',NULL,'Vu Tran Thai An'),(834,1663255589000,1667214127000,_binary '','18/03/1996',4,'Nguyễn Tuấn Việt','nvtuan9@cmcglobal.vn','003692','Male',_binary '\0',NULL,'0868831996','Nguyễn Việt Tuấn','17/01/2022',NULL,'se',NULL,NULL,'fixedTermContract','other',NULL,'Nguyễn Tuấn Việt',_binary '',NULL,'Nguyen Viet Tuan'),(844,1663255961000,1667214122000,_binary '','14/05/1998',4,'Nguyễn Tuấn Việt','dqanh1@cmcglobal.vn','003918','Male',_binary '\0',NULL,'0352797111','Đinh Quang Anh','07/03/2022',NULL,'se',NULL,NULL,'fixedTermContract','other',NULL,'Nguyễn Tuấn Việt',_binary '',NULL,'Dinh Quang Anh'),(854,1663256166000,1667214118000,_binary '','17/11/2002',4,'Nguyễn Tuấn Việt','ntqanh3@cmcglobal.vn','05506','Male',_binary '\0',NULL,'0982202602','Nguyễn Trần Quốc Anh','08/08/2022',NULL,'se',NULL,NULL,'fixedTermContract','other',NULL,'Nguyễn Tuấn Việt',_binary '',NULL,'Nguyen Tran Quoc Anh'),(864,1663256455000,1667214114000,_binary '','09/12/2000',4,'Nguyễn Tuấn Việt','dtphuoc@cmcglobal.vn','05383','Male',_binary '\0',NULL,'0965334139','Đỗ Trọng Phước','01/08/2022',NULL,'se',NULL,NULL,'fixedTermContract','other',NULL,'Nguyễn Tuấn Việt',_binary '',NULL,'Do Trong Phuoc'),(876,1663323062000,1667214111000,_binary '','21/09/1989',4,'Nguyễn Tuấn Việt','ltpthao1@cmcglobal.vn','001299','Female',_binary '\0',NULL,'0123456789','Lê Thị Phương Thảo','10/08/2020',NULL,'ba',NULL,NULL,'fixedTermContract','pm02',NULL,'Nguyễn Tuấn Việt',_binary '',NULL,'Le Thi Phuong Thao'),(878,1663323135000,1667214102000,_binary '','25/11/1991',4,'Nguyễn Tuấn Việt','nhmanh@cmcglobal.vn','001505','Male',_binary '\0',NULL,'0123456789','Nguyễn Hồng Mạnh','07/12/2020',NULL,'other',NULL,NULL,'fixedTermContract','other',NULL,'Nguyễn Tuấn Việt',_binary '',NULL,'Nguyen Hong Manh'),(927,1667386455000,1670931072000,_binary '','30/10/1999',4,'Nguyễn Tuấn Việt','ltnbich@cmcglobal.vn','00000','Female',_binary '\0',NULL,'0911428801','Lê Thị Ngọc Bích','14/12/2020',NULL,'pm',NULL,NULL,'fixedTermContract','pm01','02/11/2022','Nguyễn Tuấn Việt',_binary '',NULL,'Le Thi Ngoc Bich');
/*!40000 ALTER TABLE `app_staff` ENABLE KEYS */;
UNLOCK TABLES;

--
-- Table structure for table `app_user`
--

DROP TABLE IF EXISTS `app_user`;
/*!40101 SET @saved_cs_client     = @@character_set_client */;
/*!40101 SET character_set_client = utf8 */;
CREATE TABLE `app_user` (
  `id` bigint(20) NOT NULL,
  `created_at` bigint(20) DEFAULT NULL,
  `updated_at` bigint(20) DEFAULT NULL,
  `able_to_booking` bit(1) DEFAULT NULL,
  `active` bit(1) DEFAULT NULL,
  `avatar` varchar(255) COLLATE utf8mb4_unicode_ci DEFAULT NULL,
  `birthday` varchar(255) COLLATE utf8mb4_unicode_ci DEFAULT NULL,
  `department_id` bigint(20) DEFAULT NULL,
  `full_name` varchar(255) COLLATE utf8mb4_unicode_ci DEFAULT NULL,
  `gender` varchar(255) COLLATE utf8mb4_unicode_ci DEFAULT NULL,
  `internal_cmc` bit(1) DEFAULT NULL,
  `is_logged_in` bit(1) DEFAULT NULL,
  `mail` varchar(255) COLLATE utf8mb4_unicode_ci DEFAULT NULL,
  `nick_name` varchar(255) COLLATE utf8mb4_unicode_ci DEFAULT NULL,
  `password` varchar(255) COLLATE utf8mb4_unicode_ci DEFAULT NULL,
  `phone_number` varchar(255) COLLATE utf8mb4_unicode_ci DEFAULT NULL,
  `provider` varchar(255) COLLATE utf8mb4_unicode_ci DEFAULT NULL,
  `role_id` bigint(20) DEFAULT NULL,
  `social_id` varchar(255) COLLATE utf8mb4_unicode_ci DEFAULT NULL,
  `status` int(11) DEFAULT '1',
  PRIMARY KEY (`id`) USING BTREE
) ENGINE=InnoDB DEFAULT CHARSET=utf8mb4 COLLATE=utf8mb4_unicode_ci ROW_FORMAT=DYNAMIC;
/*!40101 SET character_set_client = @saved_cs_client */;

--
-- Dumping data for table `app_user`
--

LOCK TABLES `app_user` WRITE;
/*!40000 ALTER TABLE `app_user` DISABLE KEYS */;
INSERT INTO `app_user` VALUES (1,1640617015000,1640617015000,_binary '',_binary '',NULL,NULL,0,'Administrator',NULL,_binary '',_binary '','adminglobal@gmail.com',NULL,'$2a$10$c.b4yBwQJsDiqybmlZOyAeUxRi/C98x.MH04AFFsZdOzMjXOMaxii','0903537552',NULL,1,NULL,1),(340,1653491473000,1653491473000,_binary '',_binary '',NULL,NULL,0,'Dat Tien',NULL,_binary '\0',_binary '','dtdat2@cmcglobal.vn',NULL,'$2a$10$HFf9iCsTnqOwG4UQVfY7BO4VpMN38lcXLHY.9drFgjLZL.dFRbYka','0975295990',NULL,1,NULL,1),(343,1654681789000,1654681789000,_binary '',_binary '',NULL,NULL,0,'Oen',NULL,_binary '\0',_binary '','htuyen@cmcglobal.vn',NULL,'$2a$10$tsgBv.Y3AulgBeMj51TQOuKmxgai8b5tYyGfGMkrrwKEE.0nr.5/6','0346613025',NULL,1,NULL,1),(890,1664195990000,1664195990000,_binary '',_binary '',NULL,NULL,0,'Trịnh Minh Nhật',NULL,_binary '\0',_binary '','tmnhat@cmcglobal.vn',NULL,'$2a$10$JwTydah0VSGtZOdIgKMlV.KNzhxUiMmUQZDhq3E/hQs90fLJXAMd.','0961592197',NULL,1,NULL,1),(892,1664201337000,1664201337000,_binary '',_binary '',NULL,NULL,1,'Long',NULL,_binary '\0',_binary '','lhlong@cmcglobal.vn',NULL,'$2a$10$ymtE8Y6HFPO3MJwV6f4ZlOcY2fwgeulEuGmhSm5QH9qi2zw7vAcWy','0373429949',NULL,2,NULL,1),(895,1664204819000,1664204819000,_binary '',_binary '',NULL,NULL,1,'Hưng',NULL,_binary '\0',_binary '','tqhung@cmcglobal.vn',NULL,'$2a$10$9zVx7QGdMf9Kr/9TzXhm7eTIQOsH1dn8dwjgnJctdJdnmEfPzt/AS','0999999999',NULL,2,NULL,1),(904,1664531734000,1664531734000,_binary '',_binary '',NULL,NULL,1,'Phạm Bá Nam',NULL,_binary '\0',_binary '\0','pbnam@cmcglobal.vn',NULL,'$2a$10$hUvak.LEng16v9eKc3EiMu/BKzHWRzzXeQQOqQjqLRvtozZ/b16.i','0348712311',NULL,2,NULL,1),(910,1665585535000,1665585535000,_binary '',_binary '',NULL,NULL,0,'Nguyen Tran Quoc Anh',NULL,_binary '\0',_binary '\0','ntqanh3@cmcglobal.vn',NULL,'$2a$10$9oxNs2DQ6sF9Qj1aelXK.O1IJmk.cxYGBWx5TElluIPzM2CkTSBXW','0812928500',NULL,2,NULL,1),(961,1669974849000,1669974849000,_binary '',_binary '',NULL,NULL,1,'Nguyen Thi Hanh',NULL,_binary '\0',_binary '','nthanh@cmcglobal.vn',NULL,'$2a$10$T3XAUactYeB4TdH1UQpvbehykYwmeZGD.VivFfJ0noL5Hm7bnGZyu','0989293820',NULL,2,NULL,1),(978,1670028538000,1670028538000,_binary '',_binary '',NULL,NULL,1,'Luke',NULL,_binary '\0',_binary '','vvnghia@cmcglobal.vn',NULL,'$2a$10$oKctTak37RXVz8bxxgTx0.wF6Q04EaRXheJZiefan2EqANBUOzqai','0936606826',NULL,2,NULL,1),(982,1670251294000,1670251294000,_binary '',_binary '',NULL,NULL,1,'Nguyễn Thị Tình',NULL,_binary '\0',_binary '','nttinh1@cmcglobal.vn',NULL,'$2a$10$4761MLT8TZUfnrkY5Rl.6u1MFxp5mHU6.cc0SK8ZDXIMWYS4I/49.','0823178310',NULL,2,NULL,1),(983,1670322430000,1670322430000,_binary '',_binary '',NULL,NULL,1,'Luân Lạnh Lùng',NULL,_binary '\0',_binary '','vdluan@cmcglobal.vn',NULL,'$2a$10$KerVPGGgxnKX/0ZBVbcfzuz3S0JGRJL/Zlrj3.6vTTG1qzHWJbjpG','0976759496',NULL,2,NULL,1),(986,1670345312000,1670345312000,_binary '',_binary '',NULL,NULL,0,'tieu cong chua',NULL,_binary '\0',_binary '','huongnguyenthi7897@gmail.com',NULL,'$2a$10$p/P64ikcHdBRXaEwIV1NbOr8VPbGbfajIGoqNR/OmTXoYTK/fWtbq','0336019762',NULL,2,NULL,1),(1023,1671016215000,1671016215000,_binary '',_binary '',NULL,NULL,1,'Luc',NULL,_binary '\0',_binary '','ttluc@cmcglobal.vn',NULL,'$2a$10$7GVO15lpSGBMek4Mx1EGMuzy29x5EXr//8m2AFMxRQltufZt87XXa','0364355754',NULL,2,NULL,1),(1026,1671439334000,1671439334000,_binary '',_binary '',NULL,NULL,1,'Nguyễn Thành Trung',NULL,_binary '\0',_binary '','nttrung7@cmcglobal.vn',NULL,'$2a$10$xi5V1TDDX9HiL5HAFxEcm.geTkpVgVDu1flW.C7S6KkrMAvZuuXIK','0969655585',NULL,2,NULL,1),(1039,1671700962000,1671700962000,_binary '',_binary '',NULL,NULL,1,'Tham',NULL,_binary '\0',_binary '','nttham1@cmcglobal.vn',NULL,'$2a$10$SxAKFgcXTBTEgJp.TwEn4.3dV7rcTGpG8YKcq6cCkq514s5wPeR6O','0359348258',NULL,2,NULL,1),(1041,1671715773000,1671715773000,_binary '',_binary '',NULL,NULL,0,'Trần Mạnh Hoàng',NULL,_binary '\0',_binary '','tmhoang2@cmcglobal.vn',NULL,'$2a$10$5ejt7YiUh7kJxXCdnRT3yuEBVUvV94yk6eDCw438h.jpYM6bNx0gq','0948833688',NULL,2,NULL,1);
/*!40000 ALTER TABLE `app_user` ENABLE KEYS */;
UNLOCK TABLES;

--
-- Table structure for table `asset`
--

DROP TABLE IF EXISTS `asset`;
/*!40101 SET @saved_cs_client     = @@character_set_client */;
/*!40101 SET character_set_client = utf8 */;
CREATE TABLE `asset` (
  `id` bigint(20) NOT NULL,
  `created_at` bigint(20) DEFAULT NULL,
  `updated_at` bigint(20) DEFAULT NULL,
  `arrived_date` varchar(255) COLLATE utf8mb4_unicode_ci DEFAULT NULL,
  `asset_code` varchar(255) COLLATE utf8mb4_unicode_ci DEFAULT NULL,
  `asset_name` varchar(255) COLLATE utf8mb4_unicode_ci DEFAULT NULL,
  `asset_status` varchar(255) COLLATE utf8mb4_unicode_ci DEFAULT NULL,
  `is_delete` bit(1) DEFAULT NULL,
  `description` varchar(255) COLLATE utf8mb4_unicode_ci DEFAULT NULL,
  `device_type` bigint(20) DEFAULT NULL,
  `owner` bigint(20) DEFAULT NULL,
  `thumbnail` varchar(255) COLLATE utf8mb4_unicode_ci DEFAULT NULL,
  PRIMARY KEY (`id`) USING BTREE,
  KEY `FKruuxceoboukob9qrnpja65msk` (`device_type`) USING BTREE,
  KEY `FK64xv5e2yjjp3w4ib57fcjvbfr` (`owner`) USING BTREE,
  CONSTRAINT `FK64xv5e2yjjp3w4ib57fcjvbfr` FOREIGN KEY (`owner`) REFERENCES `owner` (`id`),
  CONSTRAINT `FKruuxceoboukob9qrnpja65msk` FOREIGN KEY (`device_type`) REFERENCES `device_type` (`id`)
) ENGINE=InnoDB DEFAULT CHARSET=utf8mb4 COLLATE=utf8mb4_unicode_ci ROW_FORMAT=DYNAMIC;
/*!40101 SET character_set_client = @saved_cs_client */;

--
-- Dumping data for table `asset`
--

LOCK TABLES `asset` WRITE;
/*!40000 ALTER TABLE `asset` DISABLE KEYS */;
INSERT INTO `asset` VALUES (317,1652351330000,1653491247000,'05/05/2022','001002','Màn Hình Dell 23U','NOT_ASSIGNED',_binary '',NULL,325,302,NULL),(328,1652440273000,1653491249000,'13/05/2022','002003','Laptop','NOT_ASSIGNED',_binary '',NULL,304,302,NULL),(353,1660644317000,1660644317000,'16/08/2022','2021LAP-248','Macbookpro','ASSIGN',_binary '\0',NULL,305,302,NULL),(357,1661787448000,1661787448000,'29/08/2022','2019GUES011','Macbookpro','NOT_ASSIGNED',_binary '\0',NULL,305,303,NULL),(358,1661787627000,1661787627000,'29/08/2022','2019GUES031','Macbookair','NOT_ASSIGNED',_binary '\0','',305,303,NULL),(359,1661787721000,1661787721000,'29/08/2022','2019GUES032','Macbookair','NOT_ASSIGNED',_binary '\0',NULL,305,303,NULL),(360,1661787847000,1661787847000,'29/08/2022','2020GUES035','Lenovo Thinkbook','NOT_ASSIGNED',_binary '\0','mã mờ (s/n: P207JTWW)',304,303,NULL),(361,1661787907000,1661787907000,'29/08/2022','2019GUES030','Macbookair','NOT_ASSIGNED',_binary '\0',NULL,305,303,NULL),(362,1661788076000,1661788076000,'29/08/2022','Mất mã 001','Lenovo Thinkbook','NOT_ASSIGNED',_binary '\0','s/n: P207JTX9',304,303,NULL),(363,1661788175000,1661788175000,'29/08/2022','2019GUES013','HP','NOT_ASSIGNED',_binary '\0','s/n # 5CD9105BNV',304,303,NULL),(364,1661788290000,1661788290000,'29/08/2022','2021LAP-004','Thinkpad','NOT_ASSIGNED',_binary '\0','MJ-0D8E36',304,302,NULL),(365,1661788364000,1661788364000,'29/08/2022','2019GUES025','Thinkpad','NOT_ASSIGNED',_binary '\0','s/n PC-18JSTC',304,303,NULL),(366,1661788463000,1661788463000,'29/08/2022','2021LAP-003','Thinkpad','NOT_ASSIGNED',_binary '\0','MJ-0D03P2',304,302,NULL),(367,1661788626000,1661788626000,'29/08/2022','2019LAP-105','Thinkpad','NOT_ASSIGNED',_binary '\0','Máy tính xách tay Lenovo Thinkpad T490 i5-8265U, 1.6GHZ, 8GB DDR4, 256GB M2 NVMe, 14 FHD, IPS, FPR, No OS 20N2S03K00',304,302,NULL),(368,1661788688000,1661788688000,'29/08/2022','2021LAP-005','Thinkpad','NOT_ASSIGNED',_binary '\0','MJ-0D9LGN',304,302,NULL),(369,1661788733000,1661788733000,'29/08/2022','2020LAP-038','Thinkpad','NOT_ASSIGNED',_binary '\0','MJ-0D9RHR',304,302,NULL),(370,1661788837000,1661788837000,'29/08/2022','2019LAP-106','Thinkpad','NOT_ASSIGNED',_binary '\0','Máy tính xách tay Lenovo Thinkpad T490 i5-8265U, 1.6GHZ, 8GB DDR4, 256GB M2 NVMe, 14 FHD, IPS, FPR, No OS 20N2S03K00',304,302,NULL),(371,1661788937000,1661788937000,'29/08/2022','Mất mã','Thinkpad','NOT_ASSIGNED',_binary '\0','S/N: PF-1P7MRF',304,326,NULL),(372,1661788991000,1661788991000,'29/08/2022','2020LAP-039','Thinkpad','NOT_ASSIGNED',_binary '\0','MJ-0D8E4A',304,302,NULL),(373,1661789066000,1661789066000,'29/08/2022','2020LAP-036','Thinkpad','NOT_ASSIGNED',_binary '\0','MJ-0D9RHN',304,302,NULL),(374,1661875273000,1661875273000,'30/08/2022','2022THBI259','HI2O rapoo','ASSIGN',_binary '\0',NULL,310,302,NULL),(375,1661875316000,1661875316000,'30/08/2022','2022THBI239','HI2O rapoo','NOT_ASSIGNED',_binary '\0',NULL,310,302,NULL),(376,1661875363000,1661875363000,'30/08/2022','2022THBI218','HI2O rapoo','NOT_ASSIGNED',_binary '\0',NULL,310,302,NULL),(377,1661875400000,1661939318000,'30/08/2022','2022THBI252','HI2O Rapoo 2022THBI252','NOT_ASSIGNED',_binary '\0',NULL,310,302,NULL),(378,1661875429000,1663165722000,'30/08/2022','2022THBI232','HI2O rapoo','NOT_ASSIGNED',_binary '\0',NULL,310,302,'/api/v1/mrbs/file/yNebMGwK;'),(382,1662563135000,1662563135000,'07/09/2022','2021MON-263','Dell','ASSIGN',_binary '\0',NULL,325,302,NULL),(383,1662563175000,1662563175000,'07/09/2022','2021MON-062','Dell','ASSIGN',_binary '\0',NULL,325,302,NULL),(389,1662563476000,1662563476000,'07/09/2022','2022THUE476','Dell','ASSIGN',_binary '\0',NULL,388,302,NULL),(392,1662563688000,1662563992000,'07/09/2022','2019-PC-023','Dell','ASSIGN',_binary '\0','PC OC',388,302,NULL),(396,1662563884000,1662563944000,'07/09/2022','2020LAP-037','Thinkpad','ASSIGN',_binary '\0','Máy OC',304,302,NULL),(402,1662564090000,1662564090000,'07/09/2022','2019LAP-027','Macbookpro','NOT_ASSIGNED',_binary '\0',NULL,305,302,NULL),(406,1662564542000,1662564542000,'07/09/2022','2019MON-337','Dell','ASSIGN',_binary '\0',NULL,325,302,NULL),(407,1662564573000,1662564573000,'07/09/2022','2021MON-730','Dell','ASSIGN',_binary '\0',NULL,325,302,NULL),(412,1662564614000,1662564614000,'07/09/2022','2021-PC-327','Dell','ASSIGN',_binary '\0',NULL,388,302,NULL),(413,1662564639000,1667473617000,'07/09/2022','2019-PC-014','Dell','NOT_ASSIGNED',_binary '\0','Máy OC',388,302,''),(414,1662564711000,1662564711000,'07/09/2022','2019GUES027','Thinkpad','NOT_ASSIGNED',_binary '\0',NULL,304,303,NULL),(425,1662565209000,1662565209000,'07/09/2022','2021-PC-552','Dell','ASSIGN',_binary '\0',NULL,388,302,NULL),(428,1662565233000,1662565233000,'07/09/2022','2021MON-1182','Dell','ASSIGN',_binary '\0',NULL,325,302,NULL),(429,1662565247000,1662565247000,'07/09/2022','2021MON-1183','Dell','ASSIGN',_binary '\0',NULL,325,302,NULL),(430,1662565281000,1662565281000,'07/09/2022','2020LAP-040','Thinkpad','ASSIGN',_binary '\0','Máy OC',304,302,NULL),(431,1662565321000,1662565321000,'07/09/2022','2019LAP-004','Macbookpro','NOT_ASSIGNED',_binary '\0','Máy OC',305,302,NULL),(432,1662565421000,1662565421000,'07/09/2022','2019-PC-010','Dell','ASSIGN',_binary '\0','Máy OC',388,302,NULL),(433,1662565445000,1662565445000,'07/09/2022','2019MON-039','Dell','ASSIGN',_binary '\0',NULL,325,302,NULL),(447,1662565706000,1662565706000,'07/09/2022','2020-PC-009','Dell','ASSIGN',_binary '\0',NULL,388,302,NULL),(448,1662565741000,1662565741000,'07/09/2022','2020LAP-041','Thinkpad','ASSIGN',_binary '\0','Máy OC',304,302,NULL),(449,1662565786000,1662565786000,'07/09/2022','2021LAP-252','Macbookpro','ASSIGN',_binary '\0',NULL,305,302,NULL),(457,1662565926000,1662565926000,'07/09/2022','2020MON-100','Dell','ASSIGN',_binary '\0',NULL,325,302,NULL),(462,1662566392000,1662566392000,'07/09/2022','2020MON-056','Dell','ASSIGN',_binary '\0',NULL,325,302,NULL),(463,1662566409000,1662566409000,'07/09/2022','2018MON-178','Dell','ASSIGN',_binary '\0',NULL,325,302,NULL),(464,1662566427000,1662566427000,'07/09/2022','2019-PC-134','Dell','ASSIGN',_binary '\0',NULL,388,302,NULL),(465,1662566459000,1662566459000,'07/09/2022','2022LAP-051','Macbookpro','ASSIGN',_binary '\0','máy Singtel',305,302,NULL),(467,1662566526000,1662566526000,'07/09/2022','2019GUES004','samsung','ASSIGN',_binary '\0',NULL,466,303,NULL),(480,1662566891000,1662566891000,'07/09/2022','2018MON-108','Dell','ASSIGN',_binary '\0',NULL,325,302,NULL),(481,1662566900000,1662566900000,'07/09/2022','2018MON-183','Dell','ASSIGN',_binary '\0',NULL,325,302,NULL),(482,1662566926000,1662566926000,'07/09/2022','2018-PC-059','Dell','ASSIGN',_binary '\0',NULL,388,302,NULL),(483,1662567152000,1662567242000,'07/09/2022','1JPJ6Z2','Dell','ASSIGN',_binary '\0','Máy OC (mất mã)\n',388,302,NULL),(484,1662567303000,1662567303000,'07/09/2022','2021MON-015','Dell','ASSIGN',_binary '\0','Dương Ngọc Luân (đã nghỉ)\n',325,302,NULL),(497,1662567581000,1662567592000,'07/09/2022','2020LAp-044','HP','ASSIGN',_binary '\0','',304,302,NULL),(498,1662567710000,1662567710000,'07/09/2022','2020MON-037','Dell','ASSIGN',_binary '\0','màn OC',325,302,NULL),(499,1662567745000,1662567745000,'07/09/2022','35VZSR2','Dell','ASSIGN',_binary '\0','Máy OC',388,302,NULL),(506,1662567808000,1662567808000,'07/09/2022','2019GUES003','iphone xsmax','ASSIGN',_binary '\0',NULL,466,303,NULL),(511,1662568031000,1662568031000,'07/09/2022','2018MON-127','Dell','ASSIGN',_binary '\0',NULL,325,302,NULL),(512,1662568072000,1662568072000,'07/09/2022','2017LAP-059','Thinkpad','ASSIGN',_binary '\0',NULL,304,303,NULL),(513,1662568109000,1662568109000,'07/09/2022','2021-PC-667','Dell','ASSIGN',_binary '\0',NULL,388,302,NULL),(522,1662568512000,1662568512000,'07/09/2022','2019MON-327','Dell','ASSIGN',_binary '\0','Nguyễn Tuấn Việt',325,302,NULL),(527,1662568724000,1662568724000,'07/09/2022','2021MON-1500','Dell','ASSIGN',_binary '\0',NULL,325,302,NULL),(528,1662568742000,1662568742000,'07/09/2022','2021MON-1513','Dell','ASSIGN',_binary '\0',NULL,325,302,NULL),(529,1662568757000,1662568757000,'07/09/2022','2021-PC-867','Dell','ASSIGN',_binary '\0',NULL,388,302,NULL),(536,1662568847000,1662568847000,'07/09/2022','2021MON-984','Dell','ASSIGN',_binary '\0','Nguyễn Tuấn Việt',325,302,NULL),(539,1662568900000,1662568900000,'07/09/2022','2019-PC_030','Dell','ASSIGN',_binary '\0','Máy OC',388,302,NULL),(544,1662569365000,1662569365000,'07/09/2022','2022THUEMON-070','Dell','ASSIGN',_binary '\0',NULL,325,302,NULL),(545,1662569382000,1662569382000,'07/09/2022','2022THUEMON-046','Dell','ASSIGN',_binary '\0',NULL,325,302,NULL),(546,1662569400000,1662569400000,'07/09/2022','2021-PC-759','Dell','ASSIGN',_binary '\0',NULL,388,302,NULL),(553,1662569480000,1662569480000,'07/09/2022','2021MON-541','Dell','ASSIGN',_binary '\0',NULL,325,302,NULL),(554,1662569501000,1662569501000,'07/09/2022','2021MON-537','Dell','ASSIGN',_binary '\0',NULL,325,302,NULL),(555,1662569529000,1662569529000,'07/09/2022','2021-PC-469','Dell','ASSIGN',_binary '\0',NULL,388,302,NULL),(563,1662569857000,1662569857000,'07/09/2022','2021MON-781','Dell','ASSIGN',_binary '\0',NULL,325,302,NULL),(564,1662569876000,1662569876000,'07/09/2022','2021MON-907','Dell','ASSIGN',_binary '\0',NULL,325,302,NULL),(565,1662569891000,1662569891000,'07/09/2022','2018-PC-066','Dell','ASSIGN',_binary '\0',NULL,388,302,NULL),(566,1662569949000,1662569949000,'07/09/2022','2019-PC-011(3663TR2)','Dell','NOT_ASSIGNED',_binary '\0','Máy OC',388,302,NULL),(578,1662570234000,1662570234000,'07/09/2022','2020LAP-045','HP','ASSIGN',_binary '\0',NULL,304,302,NULL),(579,1662570435000,1662570435000,'07/09/2022','2019LAP-108','Thinkpad','ASSIGN',_binary '\0',NULL,304,303,NULL),(580,1662570511000,1662570511000,'07/09/2022','2019MON-332','Dell','ASSIGN',_binary '\0','Nguyễn Tuấn Việt',325,302,NULL),(589,1662570814000,1662570814000,'07/09/2022','2020MON-072','Dell','ASSIGN',_binary '\0',NULL,325,302,NULL),(590,1662570829000,1662570829000,'07/09/2022','2020MON-073','Dell','ASSIGN',_binary '\0',NULL,325,302,NULL),(591,1662570845000,1662570845000,'07/09/2022','2021-PC-498','Dell','ASSIGN',_binary '\0',NULL,325,302,NULL),(592,1662570883000,1662570883000,'07/09/2022','2021LAP-006	','Thinkpad','ASSIGN',_binary '\0','MJ-0D38XV',304,303,NULL),(593,1662570906000,1662570906000,'07/09/2022','2019-PC-029 ','Dell','ASSIGN',_binary '\0','(DF9Q8T2)',388,303,NULL),(606,1662571594000,1662571594000,'07/09/2022','2021MON-1100','Dell','ASSIGN',_binary '\0',NULL,325,302,NULL),(607,1662571617000,1662571617000,'07/09/2022','2021MON-1104','Dell','ASSIGN',_binary '\0',NULL,325,302,NULL),(608,1662571643000,1662571643000,'07/09/2022','2017-PC-092','Dell','ASSIGN',_binary '\0',NULL,388,302,NULL),(609,1662571689000,1662571689000,'07/09/2022','2019LAP-009 ','HP','ASSIGN',_binary '\0',NULL,304,303,NULL),(610,1662571719000,1662571719000,'07/09/2022','2021PC-709','Dell','ASSIGN',_binary '\0',' (82PM0D3)',388,303,NULL),(622,1662572262000,1662572262000,'07/09/2022','2019LAP-086','HP','ASSIGN',_binary '\0',NULL,304,302,NULL),(623,1662572288000,1662572288000,'07/09/2022','2019LAP-085','HP','ASSIGN',_binary '\0',NULL,304,303,NULL),(629,1662572361000,1662572361000,'07/09/2022','JLQ6HY2','Dell','ASSIGN',_binary '\0','Máy OC',388,302,NULL),(630,1662572380000,1662572380000,'07/09/2022','2019MON-357','Dell','ASSIGN',_binary '\0',NULL,325,302,NULL),(631,1662572394000,1662572394000,'07/09/2022','2019MON-366','Dell','ASSIGN',_binary '\0',NULL,325,302,NULL),(632,1662572410000,1662572410000,'07/09/2022','2017-PC-130','Dell','ASSIGN',_binary '\0',NULL,388,302,NULL),(641,1662628963000,1662628963000,'08/09/2022','2017LAP-019','Acer','ASSIGN',_binary '\0','Máy tính xách tay Acer TMP248-M-75V1/core i7-6500U/ Ram 12 GB/ SSD 256GB',304,302,NULL),(646,1662647944000,1662647944000,'08/09/2022','2019MON-043','Dell','ASSIGN',_binary '\0',NULL,325,302,NULL),(647,1662647973000,1662647973000,'08/09/2022','2019-PC-084','Dell','ASSIGN',_binary '\0',NULL,388,302,NULL),(653,1662648437000,1662648437000,'08/09/2022','2021MON-1108','Dell','ASSIGN',_binary '\0',NULL,325,302,NULL),(654,1662648497000,1662648497000,'08/09/2022','2019GUES020','Macbookair','ASSIGN',_binary '\0',NULL,305,303,NULL),(655,1662648587000,1662648587000,'08/09/2022','2021-PC-216','Dell','ASSIGN',_binary '\0',NULL,388,302,NULL),(663,1662648854000,1662648854000,'08/09/2022','2021MON-1116','Dell','ASSIGN',_binary '\0',NULL,325,302,NULL),(664,1662648882000,1662648882000,'08/09/2022','2021MON-982','Dell','ASSIGN',_binary '\0',NULL,325,302,NULL),(665,1662648905000,1662648905000,'08/09/2022','2021-PC-754','Dell','ASSIGN',_binary '\0',NULL,388,302,NULL),(666,1662648932000,1662648932000,'08/09/2022','2019-PC-159','Dell','ASSIGN',_binary '\0','Máy OC',388,302,NULL),(667,1662649025000,1662649025000,'08/09/2022','Test001','PIXIL','ASSIGN',_binary '\0','Trắng',466,303,NULL),(681,1662650367000,1662650367000,'08/09/2022','2019-PC-027','Dell','ASSIGN',_binary '\0','Máy OC',388,302,NULL),(682,1662650391000,1662650391000,'08/09/2022','2019GUES028','Thinkpad','ASSIGN',_binary '\0',NULL,304,303,NULL),(687,1662650648000,1663322603000,'08/09/2022','2019LAP-025','Dell','ASSIGN',_binary '\0','Máy OC',304,302,'/api/v1/mrbs/file/VXDjet3X;/api/v1/mrbs/file/vkigX2jN;'),(690,1662650950000,1662650950000,'08/09/2022','2019LAP-124','Thinkpad','ASSIGN',_binary '\0',NULL,304,302,NULL),(691,1662650990000,1662651022000,'08/09/2022','2018MOBI035','samsung','ASSIGN',_binary '\0','vàng',466,302,NULL),(692,1662651009000,1662651017000,'08/09/2022','2018MOBI020','iphone','ASSIGN',_binary '\0','xám',466,302,NULL),(700,1662651524000,1662651524000,'08/09/2022','2021GUES097','Thinkpad','ASSIGN',_binary '\0',NULL,304,303,NULL),(706,1662652552000,1662652552000,'08/09/2022','2021LAP-001','Thinkpad','ASSIGN',_binary '\0','Lenovo thinkpad T490s i5-8365U/Ram 8GB/SSD 256GB/14\"/FHD new',304,302,NULL),(707,1662652667000,1662652667000,'08/09/2022','2020LAP-022','Thinkpad','ASSIGN',_binary '\0','NB Lenovo Thinkpad E490 i5 8265U/ 8GB + 4 GB/ 240GB/ 14\" - 20N8S0CK00',304,302,NULL),(712,1663169265000,1663169265000,'14/09/2022','2022THUE331','Vostro','ASSIGN',_binary '\0',NULL,304,302,''),(713,1663169341000,1663169341000,'14/09/2022','2021LAP-002','Thinkpad','ASSIGN',_binary '\0','Lenovo thinkpad T490s i5-8365U/Ram 8GB/SSD 256GB/14\"/FHD new',304,302,''),(714,1663169419000,1663169419000,'14/09/2022','2018LAP-008','Lenovo ','ASSIGN',_binary '\0',NULL,304,302,''),(715,1663169509000,1663169509000,'14/09/2022','2018LAP-035','Thinkpad','ASSIGN',_binary '\0','Lenovo ThinkPad T480s',304,302,''),(716,1663169547000,1663169556000,'14/09/2022','2017MON-069','Dell','ASSIGN',_binary '\0',NULL,325,302,''),(728,1663170362000,1663170362000,'14/09/2022','2021LAP-011','Dell','ASSIGN',_binary '\0','NB Dell Vostro 3405 AMD R5 3500U/8GB/512GB/14\" FHD/Win10/Black-V4R53500U003W',304,302,''),(729,1663170436000,1663234341000,'14/09/2022','2019GUES024','Thinkpad','ASSIGN',_binary '\0',NULL,304,303,'/api/v1/mrbs/file/kW407CCV;'),(730,1663170467000,1663170467000,'14/09/2022','202GUES009','Lenovo ','ASSIGN',_binary '\0',NULL,304,303,''),(731,1663170865000,1663170865000,'14/09/2022','2019MON-001','Dell','ASSIGN',_binary '\0',NULL,325,302,''),(748,1663235628000,1663235628000,'15/09/2022','2019MON-005','Dell','ASSIGN',_binary '\0',NULL,325,302,''),(749,1663235797000,1663236159000,'15/09/2022','2021MON-014','Dell','ASSIGN',_binary '\0',NULL,325,302,'/api/v1/mrbs/file/irteIoAG;'),(750,1663235856000,1663236092000,'15/09/2022','2019GUES019','Thinkpad','ASSIGN',_binary '\0',NULL,304,303,'/api/v1/mrbs/file/FmgOije0;'),(760,1663237621000,1663237621000,'15/09/2022','2019LAP-014','Thinkpad','NOT_ASSIGNED',_binary '\0',NULL,304,302,''),(761,1663237779000,1663238340000,'15/09/2022','2019MON-056','Dell','ASSIGN',_binary '\0',NULL,325,302,'/api/v1/mrbs/file/heA7IHfZ;'),(762,1663237831000,1663238179000,'15/09/2022','2021THBI104','Dareu','ASSIGN',_binary '\0',NULL,310,302,'/api/v1/mrbs/file/I0JsiIlS;'),(763,1663237862000,1663238128000,'15/09/2022','2017-PC-126','Dell','ASSIGN',_binary '\0',NULL,388,302,'/api/v1/mrbs/file/N6X88BEj;'),(764,1663237898000,1663238043000,'15/09/2022','2018MOBI021','iphone','ASSIGN',_binary '\0',NULL,466,302,'/api/v1/mrbs/file/5xRYdhpp;'),(765,1663237955000,1663238030000,'15/09/2022','M1803E7SG','xiaomi','ASSIGN',_binary '\0',NULL,466,302,'/api/v1/mrbs/file/u0VdLtC0;'),(778,1663252323000,1663252323000,'15/09/2022','2019MON-211','Dell','ASSIGN',_binary '\0',NULL,325,302,''),(779,1663252342000,1663252342000,'15/09/2022','2018MON-019','Dell','ASSIGN',_binary '\0',NULL,325,302,''),(780,1663252397000,1663252397000,'15/09/2022','2021-PC-023','Dell','ASSIGN',_binary '\0',NULL,388,302,''),(781,1663252419000,1663252419000,'15/09/2022','2021THBI008','Dareu','ASSIGN',_binary '\0',NULL,310,302,''),(791,1663254141000,1663254141000,'15/09/2022','2021-PC-427','Dell','ASSIGN',_binary '\0',NULL,388,302,''),(792,1663254188000,1663254188000,'15/09/2022','2022LAP-100','Macbookpro','ASSIGN',_binary '\0',NULL,305,302,''),(793,1663254204000,1663254204000,'15/09/2022','2019MON-113','Dell','ASSIGN',_binary '\0',NULL,325,302,''),(801,1663254402000,1663254402000,'15/09/2022','2021LAP-414','Dell','ASSIGN',_binary '\0',NULL,304,302,''),(805,1663254709000,1663254709000,'15/09/2022','2021MON-395','Dell','ASSIGN',_binary '\0',NULL,325,302,''),(806,1663254721000,1663254721000,'15/09/2022','2021MON-899','Dell','ASSIGN',_binary '\0',NULL,325,302,''),(807,1663254734000,1663254734000,'15/09/2022','2021-PC-465','Dell','ASSIGN',_binary '\0',NULL,388,302,''),(815,1663254950000,1663254950000,'15/09/2022','2021MON-156','Dell','ASSIGN',_binary '\0',NULL,325,302,''),(816,1663254968000,1663254968000,'15/09/2022','2020MON-173','Dell','ASSIGN',_binary '\0',NULL,466,302,''),(817,1663255046000,1663255046000,'15/09/2022','2017-PC-091','Dell','ASSIGN',_binary '\0',NULL,388,302,''),(825,1663255372000,1663255372000,'15/09/2022','2022THUEMON-527','Dell','ASSIGN',_binary '\0',NULL,325,302,''),(826,1663255390000,1663255390000,'15/09/2022','2022THUEMON-528','Dell','ASSIGN',_binary '\0',NULL,325,302,''),(827,1663255427000,1663255427000,'15/09/2022','2021-PC-294','Dell','ASSIGN',_binary '\0',NULL,388,302,''),(835,1663255631000,1663255631000,'15/09/2022','2021MON-1371','Dell','ASSIGN',_binary '\0',NULL,325,302,''),(836,1663255647000,1663255647000,'15/09/2022','2021MON-1374','Dell','ASSIGN',_binary '\0',NULL,325,302,''),(837,1663255693000,1663255693000,'15/09/2022','2021-PC-184','Dell','ASSIGN',_binary '\0',NULL,388,302,''),(845,1663256021000,1663256021000,'15/09/2022','2021-PC-268','Dell','ASSIGN',_binary '\0',NULL,388,302,''),(846,1663256041000,1663256041000,'15/09/2022','2021MON-651','Dell','ASSIGN',_binary '\0',NULL,325,302,''),(847,1663256056000,1663256056000,'15/09/2022','2021MON-100','Dell','ASSIGN',_binary '\0',NULL,325,302,''),(855,1663256232000,1663256262000,'15/09/2022','2022THUEPC-241','Dell','ASSIGN',_binary '\0',NULL,388,302,''),(856,1663256250000,1663256250000,'15/09/2022','2019MON-086','Dell','ASSIGN',_binary '\0',NULL,325,302,''),(857,1663256286000,1663256286000,'15/09/2022','2021MON-153','Dell','ASSIGN',_binary '\0',NULL,325,302,''),(865,1663256485000,1663256485000,'15/09/2022','2021MON-1874','samsung','ASSIGN',_binary '\0',NULL,325,302,''),(866,1663256500000,1663256500000,'15/09/2022','2021MON-1646','samsung','ASSIGN',_binary '\0',NULL,325,302,''),(867,1663256520000,1663256520000,'15/09/2022','2018-PC-015','Dell','ASSIGN',_binary '\0',NULL,388,302,''),(874,1663322818000,1663322818000,'16/09/2022','2019LAP-008','HP','ASSIGN',_binary '\0',NULL,304,302,'/api/v1/mrbs/file/OGIWCX9p;/api/v1/mrbs/file/4iBZcRTL;/api/v1/mrbs/file/QtZVtjTS;/api/v1/mrbs/file/4KWCw4kg'),(875,1663322910000,1663322910000,'16/09/2022','Mất mã 002','thinkbook','ASSIGN',_binary '\0',NULL,304,302,'/api/v1/mrbs/file/vqo8Ilux;/api/v1/mrbs/file/7XKxkhcR;/api/v1/mrbs/file/g30U8twj;/api/v1/mrbs/file/PVYEsIbh'),(885,1663323687000,1663323687000,'16/09/2022','Mất mã 003','Thinkpad','NOT_ASSIGNED',_binary '\0',NULL,304,302,'/api/v1/mrbs/file/3DA6W7qL'),(898,1664208873000,1664208873000,'26/09/2022','2021MON-327','Dell','NOT_ASSIGNED',_binary '\0',NULL,325,302,''),(899,1664208896000,1664208896000,'26/09/2022','2021-PC-432','Dell','NOT_ASSIGNED',_binary '\0',NULL,388,302,''),(914,1666802789000,1666802789000,'26/10/2022','2019GUES023','Thinkpad','ASSIGN',_binary '\0',NULL,304,303,''),(917,1666803609000,1666803609000,'26/10/2022','2019MON-330','Dell','ASSIGN',_binary '\0',NULL,325,302,'');
/*!40000 ALTER TABLE `asset` ENABLE KEYS */;
UNLOCK TABLES;

--
-- Table structure for table `audit_asset`
--

DROP TABLE IF EXISTS `audit_asset`;
/*!40101 SET @saved_cs_client     = @@character_set_client */;
/*!40101 SET character_set_client = utf8 */;
CREATE TABLE `audit_asset` (
  `id` bigint(20) NOT NULL,
  `created_at` bigint(20) DEFAULT NULL,
  `updated_at` bigint(20) DEFAULT NULL,
  `assign_date` varchar(255) COLLATE utf8mb4_unicode_ci DEFAULT NULL,
  `is_return` bit(1) DEFAULT NULL,
  `note` varchar(255) COLLATE utf8mb4_unicode_ci DEFAULT NULL,
  `asset` bigint(20) DEFAULT NULL,
  `assignee` bigint(20) DEFAULT NULL,
  `project` bigint(20) DEFAULT NULL,
  `return_date` varchar(255) COLLATE utf8mb4_unicode_ci DEFAULT NULL,
  PRIMARY KEY (`id`) USING BTREE,
  KEY `FK7p42ei3j1qedawwxxxl6oess2` (`asset`) USING BTREE,
  KEY `FKd28bxrit7ukjv6368b4wn2ham` (`assignee`) USING BTREE,
  KEY `FKjrirgg5eqy20aluyyg6tu25ce` (`project`) USING BTREE,
  CONSTRAINT `FK7p42ei3j1qedawwxxxl6oess2` FOREIGN KEY (`asset`) REFERENCES `asset` (`id`),
  CONSTRAINT `FKd28bxrit7ukjv6368b4wn2ham` FOREIGN KEY (`assignee`) REFERENCES `app_staff` (`id`),
  CONSTRAINT `FKjrirgg5eqy20aluyyg6tu25ce` FOREIGN KEY (`project`) REFERENCES `project` (`id`)
) ENGINE=InnoDB DEFAULT CHARSET=utf8mb4 COLLATE=utf8mb4_unicode_ci ROW_FORMAT=DYNAMIC;
/*!40101 SET character_set_client = @saved_cs_client */;

--
-- Dumping data for table `audit_asset`
--

LOCK TABLES `audit_asset` WRITE;
/*!40000 ALTER TABLE `audit_asset` DISABLE KEYS */;
INSERT INTO `audit_asset` VALUES (318,1652351376000,1652351376000,'12/05/2022',_binary '',NULL,317,316,NULL,NULL),(327,1652440227000,1652440227000,'13/05/2022',_binary '',NULL,317,316,NULL,'25/05/2022'),(329,1652440401000,1652440401000,'13/05/2022',_binary '',NULL,328,316,NULL,NULL),(330,1652440495000,1652440495000,'13/05/2022',_binary '',NULL,328,316,NULL,'25/05/2022'),(354,1660644347000,1660644347000,'16/08/2022',_binary '',NULL,353,351,NULL,'15/09/2022'),(379,1661876864000,1661876864000,'30/08/2022',_binary '\0',NULL,374,351,NULL,NULL),(384,1662563370000,1662563370000,'07/09/2022',_binary '\0',NULL,383,381,NULL,NULL),(386,1662563379000,1662563379000,'07/09/2022',_binary '\0',NULL,382,381,NULL,NULL),(390,1662563491000,1662563491000,'07/09/2022',_binary '\0',NULL,389,381,NULL,NULL),(394,1662563736000,1662563736000,'07/09/2022',_binary '',NULL,392,381,NULL,'07/09/2022'),(398,1662563999000,1662563999000,'07/09/2022',_binary '\0',NULL,392,381,NULL,NULL),(400,1662564009000,1662564009000,'07/09/2022',_binary '\0',NULL,396,381,NULL,NULL),(403,1662564111000,1662564111000,'07/09/2022',_binary '',NULL,402,351,NULL,'31/10/2022'),(408,1662564581000,1662564581000,'07/09/2022',_binary '\0',NULL,407,405,NULL,NULL),(410,1662564587000,1662564587000,'07/09/2022',_binary '\0',NULL,406,405,NULL,NULL),(415,1662564720000,1662564720000,'07/09/2022',_binary '',NULL,414,405,NULL,'01/11/2022'),(417,1662564729000,1662564729000,'07/09/2022',_binary '',NULL,413,405,NULL,'03/11/2022'),(419,1662564738000,1662564738000,'07/09/2022',_binary '\0',NULL,412,405,NULL,NULL),(426,1662565217000,1662565217000,'07/09/2022',_binary '\0',NULL,425,423,NULL,NULL),(434,1662565452000,1662565452000,'07/09/2022',_binary '\0',NULL,433,423,NULL,NULL),(436,1662565459000,1662565459000,'07/09/2022',_binary '\0',NULL,432,423,NULL,NULL),(438,1662565471000,1662565471000,'07/09/2022',_binary '',NULL,431,423,NULL,'01/11/2022'),(440,1662565479000,1662565479000,'07/09/2022',_binary '',NULL,430,423,NULL,'01/11/2022'),(442,1662565488000,1662565488000,'07/09/2022',_binary '\0',NULL,429,423,NULL,NULL),(444,1662565495000,1662565495000,'07/09/2022',_binary '\0',NULL,428,423,NULL,NULL),(451,1662565817000,1662565817000,'07/09/2022',_binary '\0',NULL,449,446,NULL,NULL),(453,1662565827000,1662565827000,'07/09/2022',_binary '\0',NULL,448,446,NULL,NULL),(455,1662565834000,1662565834000,'07/09/2022',_binary '\0',NULL,447,446,NULL,NULL),(458,1662565935000,1662565935000,'07/09/2022',_binary '\0',NULL,457,446,NULL,NULL),(468,1662566537000,1662566537000,'07/09/2022',_binary '\0',NULL,467,460,NULL,NULL),(470,1662566545000,1662566545000,'07/09/2022',_binary '\0',NULL,465,460,NULL,NULL),(472,1662566554000,1662566554000,'07/09/2022',_binary '\0',NULL,464,460,NULL,NULL),(474,1662566562000,1662566562000,'07/09/2022',_binary '\0',NULL,463,460,NULL,NULL),(476,1662566568000,1662566568000,'07/09/2022',_binary '\0',NULL,462,460,NULL,NULL),(485,1662567315000,1662567315000,'07/09/2022',_binary '\0',NULL,484,478,NULL,NULL),(487,1662567322000,1662567322000,'07/09/2022',_binary '\0',NULL,483,478,NULL,NULL),(489,1662567330000,1662567330000,'07/09/2022',_binary '\0',NULL,482,478,NULL,NULL),(491,1662567336000,1662567336000,'07/09/2022',_binary '\0',NULL,481,478,NULL,NULL),(493,1662567343000,1662567343000,'07/09/2022',_binary '\0',NULL,480,478,NULL,NULL),(500,1662567755000,1662567755000,'07/09/2022',_binary '\0',NULL,499,495,NULL,NULL),(502,1662567762000,1662567762000,'07/09/2022',_binary '\0',NULL,498,495,NULL,NULL),(504,1662567769000,1662567769000,'07/09/2022',_binary '\0',NULL,497,495,NULL,NULL),(507,1662567822000,1662567822000,'07/09/2022',_binary '\0',NULL,506,495,NULL,NULL),(514,1662568168000,1662568168000,'07/09/2022',_binary '\0',NULL,513,509,NULL,NULL),(516,1662568182000,1662568182000,'07/09/2022',_binary '\0',NULL,512,509,NULL,NULL),(518,1662568199000,1662568199000,'07/09/2022',_binary '\0',NULL,511,509,NULL,NULL),(523,1662568521000,1662568521000,'07/09/2022',_binary '\0',NULL,522,520,NULL,NULL),(530,1662568763000,1662568763000,'07/09/2022',_binary '\0',NULL,529,525,NULL,NULL),(532,1662568770000,1662568770000,'07/09/2022',_binary '\0',NULL,528,525,NULL,NULL),(534,1662568778000,1662568778000,'07/09/2022',_binary '\0',NULL,527,525,NULL,NULL),(537,1662568854000,1662568854000,'07/09/2022',_binary '\0',NULL,536,525,NULL,NULL),(540,1662568919000,1662568919000,'07/09/2022',_binary '\0',NULL,539,525,NULL,NULL),(547,1662569419000,1662569419000,'07/09/2022',_binary '\0',NULL,546,542,NULL,NULL),(549,1662569428000,1662569428000,'07/09/2022',_binary '\0',NULL,545,542,NULL,NULL),(551,1662569444000,1662569444000,'07/09/2022',_binary '\0',NULL,544,542,NULL,NULL),(556,1662569553000,1662569553000,'07/09/2022',_binary '\0',NULL,555,543,NULL,NULL),(558,1662569560000,1662569560000,'07/09/2022',_binary '\0',NULL,554,543,NULL,NULL),(560,1662569568000,1662569568000,'07/09/2022',_binary '\0',NULL,553,543,NULL,NULL),(567,1662569962000,1662569962000,'07/09/2022',_binary '',NULL,566,562,NULL,'07/11/2022'),(569,1662569972000,1662569972000,'07/09/2022',_binary '\0',NULL,565,562,NULL,NULL),(571,1662569987000,1662569987000,'07/09/2022',_binary '\0',NULL,564,562,NULL,NULL),(573,1662569996000,1662569996000,'07/09/2022',_binary '\0',NULL,563,562,NULL,NULL),(581,1662570522000,1662570522000,'07/09/2022',_binary '\0',NULL,580,576,NULL,NULL),(583,1662570531000,1662570531000,'07/09/2022',_binary '\0',NULL,579,576,NULL,NULL),(585,1662570538000,1662570538000,'07/09/2022',_binary '\0',NULL,578,576,NULL,NULL),(594,1662570918000,1662570918000,'07/09/2022',_binary '\0',NULL,593,587,NULL,NULL),(596,1662570931000,1662570931000,'07/09/2022',_binary '\0',NULL,592,587,NULL,NULL),(598,1662570937000,1662570937000,'07/09/2022',_binary '\0',NULL,591,587,NULL,NULL),(600,1662570944000,1662570944000,'07/09/2022',_binary '\0',NULL,590,587,NULL,NULL),(602,1662570950000,1662570950000,'07/09/2022',_binary '\0',NULL,589,587,NULL,NULL),(611,1662571727000,1662571727000,'07/09/2022',_binary '\0',NULL,610,604,NULL,NULL),(613,1662571734000,1662571734000,'07/09/2022',_binary '\0',NULL,609,604,NULL,NULL),(615,1662571742000,1662571742000,'07/09/2022',_binary '\0',NULL,608,604,NULL,NULL),(617,1662571758000,1662571758000,'07/09/2022',_binary '\0',NULL,607,604,NULL,NULL),(619,1662571765000,1662571765000,'07/09/2022',_binary '\0',NULL,606,604,NULL,NULL),(625,1662572318000,1662572318000,'07/09/2022',_binary '\0',NULL,623,621,NULL,NULL),(627,1662572336000,1662572336000,'07/09/2022',_binary '\0',NULL,622,621,NULL,NULL),(633,1662572418000,1662572418000,'07/09/2022',_binary '\0',NULL,632,621,NULL,NULL),(635,1662572424000,1662572424000,'07/09/2022',_binary '\0',NULL,631,621,NULL,NULL),(637,1662572431000,1662572431000,'07/09/2022',_binary '\0',NULL,630,621,NULL,NULL),(639,1662572440000,1662572440000,'07/09/2022',_binary '\0',NULL,629,621,NULL,NULL),(642,1662628976000,1662628976000,'08/09/2022',_binary '\0',NULL,641,621,NULL,NULL),(648,1662648077000,1662648077000,'08/09/2022',_binary '\0',NULL,647,644,NULL,NULL),(650,1662648096000,1662648096000,'08/09/2022',_binary '\0',NULL,646,644,NULL,NULL),(656,1662648595000,1662648595000,'08/09/2022',_binary '\0',NULL,655,652,NULL,NULL),(658,1662648618000,1662648618000,'08/09/2022',_binary '\0',NULL,654,652,NULL,NULL),(660,1662648626000,1662648626000,'08/09/2022',_binary '\0',NULL,653,652,NULL,NULL),(668,1662649074000,1662649074000,'08/09/2022',_binary '\0',NULL,667,662,NULL,NULL),(670,1662649080000,1662649080000,'08/09/2022',_binary '\0',NULL,666,662,NULL,NULL),(672,1662649088000,1662649088000,'08/09/2022',_binary '\0',NULL,664,662,NULL,NULL),(674,1662649094000,1662649094000,'08/09/2022',_binary '\0',NULL,663,662,NULL,NULL),(676,1662649163000,1662649163000,'08/09/2022',_binary '\0',NULL,665,662,NULL,NULL),(683,1662650454000,1662650454000,'08/09/2022',_binary '\0',NULL,682,679,NULL,NULL),(685,1662650463000,1662650463000,'08/09/2022',_binary '\0',NULL,681,679,NULL,NULL),(693,1662651034000,1662651034000,'08/09/2022',_binary '\0',NULL,692,688,NULL,NULL),(695,1662651041000,1662651041000,'08/09/2022',_binary '\0',NULL,691,688,NULL,NULL),(697,1662651049000,1662651049000,'08/09/2022',_binary '\0',NULL,690,688,NULL,NULL),(702,1662651542000,1662651542000,'08/09/2022',_binary '\0',NULL,700,699,NULL,NULL),(708,1662652679000,1662652679000,'08/09/2022',_binary '\0',NULL,707,704,NULL,NULL),(710,1662652691000,1662652691000,'08/09/2022',_binary '\0',NULL,706,704,NULL,NULL),(717,1663169570000,1663169570000,'14/09/2022',_binary '\0',NULL,716,351,NULL,NULL),(719,1663169577000,1663169577000,'14/09/2022',_binary '\0',NULL,715,351,NULL,NULL),(721,1663169584000,1663169584000,'14/09/2022',_binary '\0',NULL,714,351,NULL,NULL),(723,1663169594000,1663169594000,'14/09/2022',_binary '',NULL,713,351,NULL,'31/10/2022'),(725,1663169604000,1663169604000,'14/09/2022',_binary '\0',NULL,712,351,NULL,NULL),(732,1663172909000,1663172909000,'14/09/2022',_binary '\0',NULL,731,727,NULL,NULL),(734,1663172921000,1663172921000,'14/09/2022',_binary '\0',NULL,730,727,NULL,NULL),(736,1663172936000,1663172936000,'14/09/2022',_binary '',NULL,729,727,NULL,'15/09/2022'),(738,1663172948000,1663172948000,'14/09/2022',_binary '\0',NULL,728,727,NULL,NULL),(742,1663231885000,1663231885000,'15/09/2022',_binary '\0',NULL,353,351,NULL,NULL),(745,1663234370000,1663234370000,'15/09/2022',_binary '\0',NULL,729,727,NULL,NULL),(751,1663236117000,1663236117000,'15/09/2022',_binary '\0',NULL,750,747,NULL,NULL),(753,1663236177000,1663236177000,'15/09/2022',_binary '\0',NULL,749,747,NULL,NULL),(755,1663236187000,1663236187000,'15/09/2022',_binary '\0',NULL,748,747,NULL,NULL),(766,1663238084000,1663238084000,'15/09/2022',_binary '\0',NULL,765,758,NULL,NULL),(768,1663238094000,1663238094000,'15/09/2022',_binary '\0',NULL,764,758,NULL,NULL),(770,1663238157000,1663238157000,'15/09/2022',_binary '\0',NULL,763,758,NULL,NULL),(772,1663238194000,1663238194000,'15/09/2022',_binary '\0',NULL,762,758,NULL,NULL),(774,1663238350000,1663238350000,'15/09/2022',_binary '\0',NULL,761,758,NULL,NULL),(782,1663252435000,1663252435000,'15/09/2022',_binary '\0',NULL,781,776,NULL,NULL),(784,1663252443000,1663252443000,'15/09/2022',_binary '\0',NULL,780,776,NULL,NULL),(786,1663252453000,1663252453000,'15/09/2022',_binary '\0',NULL,779,776,NULL,NULL),(788,1663252461000,1663252461000,'15/09/2022',_binary '\0',NULL,778,776,NULL,NULL),(794,1663254218000,1663254218000,'15/09/2022',_binary '\0',NULL,793,790,NULL,NULL),(796,1663254226000,1663254226000,'15/09/2022',_binary '\0',NULL,792,790,NULL,NULL),(798,1663254235000,1663254235000,'15/09/2022',_binary '\0',NULL,791,790,NULL,NULL),(802,1663254412000,1663254412000,'15/09/2022',_binary '\0',NULL,801,800,NULL,NULL),(808,1663254745000,1663254745000,'15/09/2022',_binary '\0',NULL,807,804,NULL,NULL),(810,1663254754000,1663254754000,'15/09/2022',_binary '\0',NULL,806,804,NULL,NULL),(812,1663254761000,1663254761000,'15/09/2022',_binary '\0',NULL,805,804,NULL,NULL),(818,1663255055000,1663255055000,'15/09/2022',_binary '\0',NULL,817,814,NULL,NULL),(820,1663255063000,1663255063000,'15/09/2022',_binary '\0',NULL,816,814,NULL,NULL),(822,1663255072000,1663255072000,'15/09/2022',_binary '\0',NULL,815,814,NULL,NULL),(828,1663255441000,1663255441000,'15/09/2022',_binary '\0',NULL,827,824,NULL,NULL),(830,1663255448000,1663255448000,'15/09/2022',_binary '\0',NULL,826,824,NULL,NULL),(832,1663255458000,1663255458000,'15/09/2022',_binary '\0',NULL,825,824,NULL,NULL),(838,1663255773000,1663255773000,'15/09/2022',_binary '\0',NULL,837,834,NULL,NULL),(840,1663255782000,1663255782000,'15/09/2022',_binary '\0',NULL,836,834,NULL,NULL),(842,1663255791000,1663255791000,'15/09/2022',_binary '\0',NULL,835,834,NULL,NULL),(848,1663256072000,1663256072000,'15/09/2022',_binary '\0',NULL,847,844,NULL,NULL),(850,1663256081000,1663256081000,'15/09/2022',_binary '\0',NULL,846,844,NULL,NULL),(852,1663256089000,1663256089000,'15/09/2022',_binary '\0',NULL,845,844,NULL,NULL),(858,1663256301000,1663256301000,'15/09/2022',_binary '\0',NULL,857,854,NULL,NULL),(860,1663256308000,1663256308000,'15/09/2022',_binary '\0',NULL,856,854,NULL,NULL),(862,1663256318000,1663256318000,'15/09/2022',_binary '\0',NULL,855,854,NULL,NULL),(868,1663256533000,1663256533000,'15/09/2022',_binary '\0',NULL,867,864,NULL,NULL),(870,1663256541000,1663256541000,'15/09/2022',_binary '\0',NULL,866,864,NULL,NULL),(872,1663256560000,1663256560000,'15/09/2022',_binary '\0',NULL,865,864,NULL,NULL),(879,1663323238000,1663323238000,'16/09/2022',_binary '\0',NULL,875,876,NULL,NULL),(881,1663323250000,1663323250000,'16/09/2022',_binary '\0',NULL,874,876,NULL,NULL),(883,1663323269000,1663323269000,'16/09/2022',_binary '\0',NULL,687,878,NULL,NULL),(915,1666802814000,1666802814000,'26/10/2022',_binary '\0',NULL,914,520,346,NULL),(918,1666803632000,1666803632000,'26/10/2022',_binary '\0',NULL,917,525,NULL,NULL),(924,1667292806000,1667292806000,'01/11/2022',_binary '\0',NULL,430,405,NULL,NULL),(930,1667386564000,1667386564000,'02/11/2022',_binary '\0','Mượn tài sản từ Uyên',713,927,928,NULL);
/*!40000 ALTER TABLE `audit_asset` ENABLE KEYS */;
UNLOCK TABLES;

--
-- Table structure for table `audit_asset_log`
--

DROP TABLE IF EXISTS `audit_asset_log`;
/*!40101 SET @saved_cs_client     = @@character_set_client */;
/*!40101 SET character_set_client = utf8 */;
CREATE TABLE `audit_asset_log` (
  `id` bigint(20) NOT NULL,
  `created_at` bigint(20) DEFAULT NULL,
  `updated_at` bigint(20) DEFAULT NULL,
  `assign_date` varchar(255) COLLATE utf8mb4_unicode_ci DEFAULT NULL,
  `is_return` bit(1) DEFAULT NULL,
  `note` varchar(255) COLLATE utf8mb4_unicode_ci DEFAULT NULL,
  `return_date` varchar(255) COLLATE utf8mb4_unicode_ci DEFAULT NULL,
  `asset` bigint(20) DEFAULT NULL,
  `assignee` bigint(20) DEFAULT NULL,
  `project` bigint(20) DEFAULT NULL,
  PRIMARY KEY (`id`),
  KEY `FKrdkg95gkq3nhadlvmuk2u4dji` (`asset`),
  KEY `FK5te1gjp9xqhas696cvjojvsfq` (`assignee`),
  KEY `FKc71yt1m96dtuy1at9glfob4qg` (`project`),
  CONSTRAINT `FK5te1gjp9xqhas696cvjojvsfq` FOREIGN KEY (`assignee`) REFERENCES `app_staff` (`id`),
  CONSTRAINT `FKc71yt1m96dtuy1at9glfob4qg` FOREIGN KEY (`project`) REFERENCES `project` (`id`),
  CONSTRAINT `FKrdkg95gkq3nhadlvmuk2u4dji` FOREIGN KEY (`asset`) REFERENCES `asset` (`id`)
) ENGINE=InnoDB DEFAULT CHARSET=utf8mb4 COLLATE=utf8mb4_unicode_ci;
/*!40101 SET character_set_client = @saved_cs_client */;

--
-- Dumping data for table `audit_asset_log`
--

LOCK TABLES `audit_asset_log` WRITE;
/*!40000 ALTER TABLE `audit_asset_log` DISABLE KEYS */;
INSERT INTO `audit_asset_log` VALUES (338,1653491225000,1653491225000,'13/05/2022',_binary '',NULL,'25/05/2022',328,316,NULL),(339,1653491244000,1653491244000,'13/05/2022',_binary '',NULL,'25/05/2022',317,316,NULL),(355,1660644347000,1660644347000,'16/08/2022',_binary '\0',NULL,NULL,353,351,NULL),(380,1661876866000,1661876866000,'30/08/2022',_binary '\0',NULL,NULL,374,351,NULL),(385,1662563370000,1662563370000,'07/09/2022',_binary '\0',NULL,NULL,383,381,NULL),(387,1662563379000,1662563379000,'07/09/2022',_binary '\0',NULL,NULL,382,381,NULL),(391,1662563491000,1662563491000,'07/09/2022',_binary '\0',NULL,NULL,389,381,NULL),(395,1662563736000,1662563736000,'07/09/2022',_binary '\0',NULL,NULL,392,381,NULL),(397,1662563983000,1662563983000,'07/09/2022',_binary '',NULL,'07/09/2022',392,381,NULL),(399,1662563999000,1662563999000,'07/09/2022',_binary '\0',NULL,NULL,392,381,NULL),(401,1662564009000,1662564009000,'07/09/2022',_binary '\0',NULL,NULL,396,381,NULL),(404,1662564114000,1662564114000,'07/09/2022',_binary '\0',NULL,NULL,402,351,NULL),(409,1662564581000,1662564581000,'07/09/2022',_binary '\0',NULL,NULL,407,405,NULL),(411,1662564588000,1662564588000,'07/09/2022',_binary '\0',NULL,NULL,406,405,NULL),(416,1662564720000,1662564720000,'07/09/2022',_binary '\0',NULL,NULL,414,405,NULL),(418,1662564729000,1662564729000,'07/09/2022',_binary '\0',NULL,NULL,413,405,NULL),(420,1662564738000,1662564738000,'07/09/2022',_binary '\0',NULL,NULL,412,405,NULL),(427,1662565218000,1662565218000,'07/09/2022',_binary '\0',NULL,NULL,425,423,NULL),(435,1662565452000,1662565452000,'07/09/2022',_binary '\0',NULL,NULL,433,423,NULL),(437,1662565459000,1662565459000,'07/09/2022',_binary '\0',NULL,NULL,432,423,NULL),(439,1662565471000,1662565471000,'07/09/2022',_binary '\0',NULL,NULL,431,423,NULL),(441,1662565479000,1662565479000,'07/09/2022',_binary '\0',NULL,NULL,430,423,NULL),(443,1662565488000,1662565488000,'07/09/2022',_binary '\0',NULL,NULL,429,423,NULL),(445,1662565495000,1662565495000,'07/09/2022',_binary '\0',NULL,NULL,428,423,NULL),(452,1662565818000,1662565818000,'07/09/2022',_binary '\0',NULL,NULL,449,446,NULL),(454,1662565827000,1662565827000,'07/09/2022',_binary '\0',NULL,NULL,448,446,NULL),(456,1662565834000,1662565834000,'07/09/2022',_binary '\0',NULL,NULL,447,446,NULL),(459,1662565935000,1662565935000,'07/09/2022',_binary '\0',NULL,NULL,457,446,NULL),(469,1662566538000,1662566538000,'07/09/2022',_binary '\0',NULL,NULL,467,460,NULL),(471,1662566547000,1662566547000,'07/09/2022',_binary '\0',NULL,NULL,465,460,NULL),(473,1662566554000,1662566554000,'07/09/2022',_binary '\0',NULL,NULL,464,460,NULL),(475,1662566562000,1662566562000,'07/09/2022',_binary '\0',NULL,NULL,463,460,NULL),(477,1662566568000,1662566568000,'07/09/2022',_binary '\0',NULL,NULL,462,460,NULL),(486,1662567315000,1662567315000,'07/09/2022',_binary '\0',NULL,NULL,484,478,NULL),(488,1662567322000,1662567322000,'07/09/2022',_binary '\0',NULL,NULL,483,478,NULL),(490,1662567330000,1662567330000,'07/09/2022',_binary '\0',NULL,NULL,482,478,NULL),(492,1662567336000,1662567336000,'07/09/2022',_binary '\0',NULL,NULL,481,478,NULL),(494,1662567347000,1662567347000,'07/09/2022',_binary '\0',NULL,NULL,480,478,NULL),(501,1662567755000,1662567755000,'07/09/2022',_binary '\0',NULL,NULL,499,495,NULL),(503,1662567762000,1662567762000,'07/09/2022',_binary '\0',NULL,NULL,498,495,NULL),(505,1662567769000,1662567769000,'07/09/2022',_binary '\0',NULL,NULL,497,495,NULL),(508,1662567822000,1662567822000,'07/09/2022',_binary '\0',NULL,NULL,506,495,NULL),(515,1662568168000,1662568168000,'07/09/2022',_binary '\0',NULL,NULL,513,509,NULL),(517,1662568186000,1662568186000,'07/09/2022',_binary '\0',NULL,NULL,512,509,NULL),(519,1662568199000,1662568199000,'07/09/2022',_binary '\0',NULL,NULL,511,509,NULL),(524,1662568522000,1662568522000,'07/09/2022',_binary '\0',NULL,NULL,522,520,NULL),(531,1662568763000,1662568763000,'07/09/2022',_binary '\0',NULL,NULL,529,525,NULL),(533,1662568770000,1662568770000,'07/09/2022',_binary '\0',NULL,NULL,528,525,NULL),(535,1662568778000,1662568778000,'07/09/2022',_binary '\0',NULL,NULL,527,525,NULL),(538,1662568854000,1662568854000,'07/09/2022',_binary '\0',NULL,NULL,536,525,NULL),(541,1662568919000,1662568919000,'07/09/2022',_binary '\0',NULL,NULL,539,525,NULL),(548,1662569419000,1662569419000,'07/09/2022',_binary '\0',NULL,NULL,546,542,NULL),(550,1662569430000,1662569430000,'07/09/2022',_binary '\0',NULL,NULL,545,542,NULL),(552,1662569444000,1662569444000,'07/09/2022',_binary '\0',NULL,NULL,544,542,NULL),(557,1662569554000,1662569554000,'07/09/2022',_binary '\0',NULL,NULL,555,543,NULL),(559,1662569560000,1662569560000,'07/09/2022',_binary '\0',NULL,NULL,554,543,NULL),(561,1662569568000,1662569568000,'07/09/2022',_binary '\0',NULL,NULL,553,543,NULL),(568,1662569963000,1662569963000,'07/09/2022',_binary '\0',NULL,NULL,566,562,NULL),(570,1662569972000,1662569972000,'07/09/2022',_binary '\0',NULL,NULL,565,562,NULL),(572,1662569987000,1662569987000,'07/09/2022',_binary '\0',NULL,NULL,564,562,NULL),(574,1662569996000,1662569996000,'07/09/2022',_binary '\0',NULL,NULL,563,562,NULL),(582,1662570522000,1662570522000,'07/09/2022',_binary '\0',NULL,NULL,580,576,NULL),(584,1662570532000,1662570532000,'07/09/2022',_binary '\0',NULL,NULL,579,576,NULL),(586,1662570538000,1662570538000,'07/09/2022',_binary '\0',NULL,NULL,578,576,NULL),(595,1662570922000,1662570922000,'07/09/2022',_binary '\0',NULL,NULL,593,587,NULL),(597,1662570931000,1662570931000,'07/09/2022',_binary '\0',NULL,NULL,592,587,NULL),(599,1662570937000,1662570937000,'07/09/2022',_binary '\0',NULL,NULL,591,587,NULL),(601,1662570944000,1662570944000,'07/09/2022',_binary '\0',NULL,NULL,590,587,NULL),(603,1662570950000,1662570950000,'07/09/2022',_binary '\0',NULL,NULL,589,587,NULL),(612,1662571727000,1662571727000,'07/09/2022',_binary '\0',NULL,NULL,610,604,NULL),(614,1662571734000,1662571734000,'07/09/2022',_binary '\0',NULL,NULL,609,604,NULL),(616,1662571750000,1662571750000,'07/09/2022',_binary '\0',NULL,NULL,608,604,NULL),(618,1662571758000,1662571758000,'07/09/2022',_binary '\0',NULL,NULL,607,604,NULL),(620,1662571765000,1662571765000,'07/09/2022',_binary '\0',NULL,NULL,606,604,NULL),(626,1662572318000,1662572318000,'07/09/2022',_binary '\0',NULL,NULL,623,621,NULL),(628,1662572336000,1662572336000,'07/09/2022',_binary '\0',NULL,NULL,622,621,NULL),(634,1662572418000,1662572418000,'07/09/2022',_binary '\0',NULL,NULL,632,621,NULL),(636,1662572424000,1662572424000,'07/09/2022',_binary '\0',NULL,NULL,631,621,NULL),(638,1662572433000,1662572433000,'07/09/2022',_binary '\0',NULL,NULL,630,621,NULL),(640,1662572440000,1662572440000,'07/09/2022',_binary '\0',NULL,NULL,629,621,NULL),(643,1662628976000,1662628976000,'08/09/2022',_binary '\0',NULL,NULL,641,621,NULL),(649,1662648077000,1662648077000,'08/09/2022',_binary '\0',NULL,NULL,647,644,NULL),(651,1662648096000,1662648096000,'08/09/2022',_binary '\0',NULL,NULL,646,644,NULL),(657,1662648595000,1662648595000,'08/09/2022',_binary '\0',NULL,NULL,655,652,NULL),(659,1662648618000,1662648618000,'08/09/2022',_binary '\0',NULL,NULL,654,652,NULL),(661,1662648626000,1662648626000,'08/09/2022',_binary '\0',NULL,NULL,653,652,NULL),(669,1662649074000,1662649074000,'08/09/2022',_binary '\0',NULL,NULL,667,662,NULL),(671,1662649081000,1662649081000,'08/09/2022',_binary '\0',NULL,NULL,666,662,NULL),(673,1662649088000,1662649088000,'08/09/2022',_binary '\0',NULL,NULL,664,662,NULL),(675,1662649096000,1662649096000,'08/09/2022',_binary '\0',NULL,NULL,663,662,NULL),(677,1662649163000,1662649163000,'08/09/2022',_binary '\0',NULL,NULL,665,662,NULL),(684,1662650454000,1662650454000,'08/09/2022',_binary '\0',NULL,NULL,682,679,NULL),(686,1662650463000,1662650463000,'08/09/2022',_binary '\0',NULL,NULL,681,679,NULL),(694,1662651036000,1662651036000,'08/09/2022',_binary '\0',NULL,NULL,692,688,NULL),(696,1662651042000,1662651042000,'08/09/2022',_binary '\0',NULL,NULL,691,688,NULL),(698,1662651049000,1662651049000,'08/09/2022',_binary '\0',NULL,NULL,690,688,NULL),(703,1662651542000,1662651542000,'08/09/2022',_binary '\0',NULL,NULL,700,699,NULL),(709,1662652679000,1662652679000,'08/09/2022',_binary '\0',NULL,NULL,707,704,NULL),(711,1662652691000,1662652691000,'08/09/2022',_binary '\0',NULL,NULL,706,704,NULL),(718,1663169570000,1663169570000,'14/09/2022',_binary '\0',NULL,NULL,716,351,NULL),(720,1663169577000,1663169577000,'14/09/2022',_binary '\0',NULL,NULL,715,351,NULL),(722,1663169588000,1663169588000,'14/09/2022',_binary '\0',NULL,NULL,714,351,NULL),(724,1663169594000,1663169594000,'14/09/2022',_binary '\0',NULL,NULL,713,351,NULL),(726,1663169604000,1663169604000,'14/09/2022',_binary '\0',NULL,NULL,712,351,NULL),(733,1663172909000,1663172909000,'14/09/2022',_binary '\0',NULL,NULL,731,727,NULL),(735,1663172922000,1663172922000,'14/09/2022',_binary '\0',NULL,NULL,730,727,NULL),(737,1663172936000,1663172936000,'14/09/2022',_binary '\0',NULL,NULL,729,727,NULL),(739,1663172948000,1663172948000,'14/09/2022',_binary '\0',NULL,NULL,728,727,NULL),(741,1663231867000,1663231867000,'16/08/2022',_binary '',NULL,'15/09/2022',353,351,NULL),(743,1663231885000,1663231885000,'15/09/2022',_binary '\0',NULL,NULL,353,351,NULL),(744,1663231951000,1663231951000,'14/09/2022',_binary '',NULL,'15/09/2022',729,727,NULL),(746,1663234374000,1663234374000,'15/09/2022',_binary '\0',NULL,NULL,729,727,NULL),(752,1663236117000,1663236117000,'15/09/2022',_binary '\0',NULL,NULL,750,747,NULL),(754,1663236177000,1663236177000,'15/09/2022',_binary '\0',NULL,NULL,749,747,NULL),(756,1663236187000,1663236187000,'15/09/2022',_binary '\0',NULL,NULL,748,747,NULL),(767,1663238084000,1663238084000,'15/09/2022',_binary '\0',NULL,NULL,765,758,NULL),(769,1663238094000,1663238094000,'15/09/2022',_binary '\0',NULL,NULL,764,758,NULL),(771,1663238157000,1663238157000,'15/09/2022',_binary '\0',NULL,NULL,763,758,NULL),(773,1663238194000,1663238194000,'15/09/2022',_binary '\0',NULL,NULL,762,758,NULL),(775,1663238350000,1663238350000,'15/09/2022',_binary '\0',NULL,NULL,761,758,NULL),(783,1663252435000,1663252435000,'15/09/2022',_binary '\0',NULL,NULL,781,776,NULL),(785,1663252443000,1663252443000,'15/09/2022',_binary '\0',NULL,NULL,780,776,NULL),(787,1663252453000,1663252453000,'15/09/2022',_binary '\0',NULL,NULL,779,776,NULL),(789,1663252466000,1663252466000,'15/09/2022',_binary '\0',NULL,NULL,778,776,NULL),(795,1663254218000,1663254218000,'15/09/2022',_binary '\0',NULL,NULL,793,790,NULL),(797,1663254226000,1663254226000,'15/09/2022',_binary '\0',NULL,NULL,792,790,NULL),(799,1663254235000,1663254235000,'15/09/2022',_binary '\0',NULL,NULL,791,790,NULL),(803,1663254412000,1663254412000,'15/09/2022',_binary '\0',NULL,NULL,801,800,NULL),(809,1663254745000,1663254745000,'15/09/2022',_binary '\0',NULL,NULL,807,804,NULL),(811,1663254754000,1663254754000,'15/09/2022',_binary '\0',NULL,NULL,806,804,NULL),(813,1663254761000,1663254761000,'15/09/2022',_binary '\0',NULL,NULL,805,804,NULL),(819,1663255055000,1663255055000,'15/09/2022',_binary '\0',NULL,NULL,817,814,NULL),(821,1663255064000,1663255064000,'15/09/2022',_binary '\0',NULL,NULL,816,814,NULL),(823,1663255073000,1663255073000,'15/09/2022',_binary '\0',NULL,NULL,815,814,NULL),(829,1663255441000,1663255441000,'15/09/2022',_binary '\0',NULL,NULL,827,824,NULL),(831,1663255448000,1663255448000,'15/09/2022',_binary '\0',NULL,NULL,826,824,NULL),(833,1663255460000,1663255460000,'15/09/2022',_binary '\0',NULL,NULL,825,824,NULL),(839,1663255774000,1663255774000,'15/09/2022',_binary '\0',NULL,NULL,837,834,NULL),(841,1663255784000,1663255784000,'15/09/2022',_binary '\0',NULL,NULL,836,834,NULL),(843,1663255791000,1663255791000,'15/09/2022',_binary '\0',NULL,NULL,835,834,NULL),(849,1663256072000,1663256072000,'15/09/2022',_binary '\0',NULL,NULL,847,844,NULL),(851,1663256081000,1663256081000,'15/09/2022',_binary '\0',NULL,NULL,846,844,NULL),(853,1663256091000,1663256091000,'15/09/2022',_binary '\0',NULL,NULL,845,844,NULL),(859,1663256301000,1663256301000,'15/09/2022',_binary '\0',NULL,NULL,857,854,NULL),(861,1663256308000,1663256308000,'15/09/2022',_binary '\0',NULL,NULL,856,854,NULL),(863,1663256321000,1663256321000,'15/09/2022',_binary '\0',NULL,NULL,855,854,NULL),(869,1663256533000,1663256533000,'15/09/2022',_binary '\0',NULL,NULL,867,864,NULL),(871,1663256545000,1663256545000,'15/09/2022',_binary '\0',NULL,NULL,866,864,NULL),(873,1663256560000,1663256560000,'15/09/2022',_binary '\0',NULL,NULL,865,864,NULL),(880,1663323238000,1663323238000,'16/09/2022',_binary '\0',NULL,NULL,875,876,NULL),(882,1663323250000,1663323250000,'16/09/2022',_binary '\0',NULL,NULL,874,876,NULL),(884,1663323269000,1663323269000,'16/09/2022',_binary '\0',NULL,NULL,687,878,NULL),(916,1666802822000,1666802822000,'26/10/2022',_binary '\0',NULL,NULL,914,520,346),(919,1666803632000,1666803632000,'26/10/2022',_binary '\0',NULL,NULL,917,525,NULL),(920,1667209449000,1667209449000,'14/09/2022',_binary '',NULL,'31/10/2022',713,351,NULL),(921,1667211425000,1667211425000,'07/09/2022',_binary '',NULL,'31/10/2022',402,351,NULL),(922,1667292759000,1667292759000,'07/09/2022',_binary '',NULL,'01/11/2022',414,405,NULL),(923,1667292781000,1667292781000,'07/09/2022',_binary '',NULL,'01/11/2022',430,423,NULL),(925,1667292806000,1667292806000,'01/11/2022',_binary '\0',NULL,NULL,430,405,NULL),(926,1667295691000,1667295691000,'07/09/2022',_binary '',NULL,'01/11/2022',431,423,NULL),(931,1667386564000,1667386564000,'02/11/2022',_binary '\0','Mượn tài sản từ Uyên',NULL,713,927,928),(932,1667473590000,1667473590000,'07/09/2022',_binary '',NULL,'03/11/2022',413,405,NULL),(934,1667811415000,1667811415000,'07/09/2022',_binary '',NULL,'07/11/2022',566,562,NULL);
/*!40000 ALTER TABLE `audit_asset_log` ENABLE KEYS */;
UNLOCK TABLES;

--
-- Table structure for table `avatar`
--

DROP TABLE IF EXISTS `avatar`;
/*!40101 SET @saved_cs_client     = @@character_set_client */;
/*!40101 SET character_set_client = utf8 */;
CREATE TABLE `avatar` (
  `id` bigint(20) NOT NULL,
  `file_name` varchar(255) COLLATE utf8mb4_unicode_ci DEFAULT NULL,
  `file_size` bigint(20) DEFAULT NULL,
  `file_type` varchar(255) COLLATE utf8mb4_unicode_ci DEFAULT NULL,
  `url` varchar(255) COLLATE utf8mb4_unicode_ci DEFAULT NULL,
  `user_id` bigint(20) DEFAULT NULL,
  PRIMARY KEY (`id`)
) ENGINE=InnoDB DEFAULT CHARSET=utf8mb4 COLLATE=utf8mb4_unicode_ci;
/*!40101 SET character_set_client = @saved_cs_client */;

--
-- Dumping data for table `avatar`
--

LOCK TABLES `avatar` WRITE;
/*!40000 ALTER TABLE `avatar` DISABLE KEYS */;
/*!40000 ALTER TABLE `avatar` ENABLE KEYS */;
UNLOCK TABLES;

--
-- Table structure for table `booking`
--

DROP TABLE IF EXISTS `booking`;
/*!40101 SET @saved_cs_client     = @@character_set_client */;
/*!40101 SET character_set_client = utf8 */;
CREATE TABLE `booking` (
  `id` bigint(20) NOT NULL,
  `created_at` bigint(20) DEFAULT NULL,
  `updated_at` bigint(20) DEFAULT NULL,
  `content` varchar(255) COLLATE utf8mb4_unicode_ci DEFAULT NULL,
  `create_by` bigint(20) DEFAULT NULL,
  `date_booking` varchar(255) COLLATE utf8mb4_unicode_ci DEFAULT NULL,
  `is_delete` bit(1) DEFAULT NULL,
  `end_date_time` bigint(20) DEFAULT NULL,
  `hours_booking` varchar(255) COLLATE utf8mb4_unicode_ci DEFAULT NULL,
  `participant` varchar(255) COLLATE utf8mb4_unicode_ci DEFAULT NULL,
  `room_id` bigint(20) DEFAULT NULL,
  `start_date_time` bigint(20) DEFAULT NULL,
  `title` varchar(255) COLLATE utf8mb4_unicode_ci DEFAULT NULL,
  `update_by` bigint(20) DEFAULT NULL,
  PRIMARY KEY (`id`) USING BTREE
) ENGINE=InnoDB DEFAULT CHARSET=utf8mb4 COLLATE=utf8mb4_unicode_ci ROW_FORMAT=DYNAMIC;
/*!40101 SET character_set_client = @saved_cs_client */;

--
-- Dumping data for table `booking`
--

LOCK TABLES `booking` WRITE;
/*!40000 ALTER TABLE `booking` DISABLE KEYS */;
INSERT INTO `booking` VALUES (299,1651837333000,1651837333000,'asd',1,'06/05/2022',_binary '',1651851034000,'11:50:34 - 15:30:34','adminGlobal@gmail.com',3,1651837834000,'Oánh',NULL),(300,1651858105000,1652110783000,'',1,'11/05/2022',_binary '',1652277600000,'11:00:00 - 14:00:00','',3,1652266800000,'Cường ơi em yêu anh <3',NULL),(311,1652350045000,1652431446000,'',1,'16/05/2022',_binary '',1652702400000,'11:00:37 - 12:00:00','',3,1652698837000,'Họp có tý thôi',NULL),(334,1653041243000,1653041243000,'Welcome to happy dasy',1,'31/05/2022',_binary '',1653993394000,'10:06:34 - 10:36:34','adminGlobal@gmail.com',3,1653991594000,'Happy Day',NULL),(336,1653299407000,1653299407000,'Chuẩn bị cho buổi sáng nào ... ! ge\'t go',1,'23/05/2022',_binary '',1653306941000,'11:48:41 - 11:55:41','nvtruong4@cmcglobal.vn',3,1653306521000,'Chào buổi sáng',NULL),(337,1653300260000,1653300260000,'Chào buổi sáng ... gét go',1,'24/05/2022',_binary '',1653388408000,'10:03:28 - 10:33:28','nvtruong4@cmcglobal.vn',3,1653386608000,'Chào buổi sáng',NULL),(341,1653491607000,1653491607000,'Request by Nguyễn Thị Phương Thảo',340,'26/05/2022',_binary '',1653562800000,'10:00:00 - 11:00:00','',3,1653559200000,'SBF Meeting',NULL),(342,1653491849000,1653491849000,'\nRequest by Le Thi Phuong Thao',1,'26/05/2022',_binary '\0',1653562800000,'10:00:00 - 11:00:00','ltpthao2@cmcglobal.vn,dtdat2@cmcglobal.vn',3,1653559200000,'SBF Meeting',NULL),(344,1654696681000,1654696681000,'Weekly meeting of project Tiki',340,'09/06/2022',_binary '\0',1654788600000,'15:00:00 - 15:30:00','',3,1654786800000,'TIKI Weekly Meeting',NULL),(345,1654697514000,1654697514000,'Interview HHG Opps',340,'09/06/2022',_binary '\0',1654786800000,'14:00:00 - 15:00:00','ndhuynh@cmcglobal.vn',3,1654783200000,'Interview HHG',NULL),(350,1656676860000,1656677236000,'Hi buddies,\n\nPls join us leh',1,'01/07/2022',_binary '\0',1656691200000,'15:00:00 - 16:00:00','dtdat2@cmcglobal.vn,vcminh@cmcglobal.vn,tmnhat@cmcglobal.vn',3,1656687600000,'[SEM01] Seminar 01 - MoEngage for enterprise ',NULL),(356,1660728083000,1660728137000,'',1,'19/08/2022',_binary '\0',1660897800000,'07:30:00 - 08:30:00','',3,1660894200000,'dsrfsdfsd',NULL),(886,1663941137000,1663941137000,'Book phòng họp 1C phỏng vấn dự án boost',340,'23/09/2022',_binary '\0',1663952400000,'16:00:00 - 17:00:00','nmhao@cmcglobal.com,vnthinh@cmcglobal.com,dtdat2@cmcglobal.com',3,1663948800000,'Book phòng phỏng vấn Boost',NULL),(887,1663941270000,1663941270000,'Weekly meeting DU1',340,'23/09/2022',_binary '\0',1663948800000,'15:00:00 - 16:00:00','',3,1663945200000,'Weekly Meeting DU1',NULL),(888,1663945979000,1663945979000,'',1,'24/09/2022',_binary '',1663983000000,'01:00:00 - 01:30:00','vcminn@gmail.com',3,1663981200000,'test mail',NULL),(889,1664185781000,1664185781000,'BOS call',340,'26/09/2022',_binary '\0',1664190000000,'10:00:00 - 11:00:00','dtdat2@cmcglobal.vn,nguyenvankhiem182@ocft.com',3,1664186400000,'OC Meeting',NULL),(891,1664196213000,1664196213000,'No comment pls',1,'26/09/2022',_binary '\0',1664202600000,'14:00:00 - 14:30:00','dtdat2@cmcglobal.vn',3,1664200800000,'OC staff meeting',NULL),(893,1664201364000,1664201364000,'No comment',340,'26/09/2022',_binary '\0',1664208000000,'15:00:00 - 16:00:00','dtdat2@cmcglobal.vn',3,1664204400000,'Boost Meeting',NULL),(896,1664207436000,1664207436000,'',890,'01/10/2022',_binary '\0',1664586000000,'00:00:00 - 01:00:00','',3,1664582400000,'test',NULL),(897,1664207594000,1664207594000,'',890,'03/10/2022',_binary '',1664805600000,'13:00:00 - 14:00:00','',3,1664802000000,'hehe',NULL),(900,1664288384000,1664288391000,'DU1 Weekly meeting ',340,'30/09/2022',_binary '\0',1664553600000,'15:00:00 - 16:00:00','dtdat2@cmcglobal.vn',3,1664550000000,'DU1 Weekly Meeting',NULL),(901,1664364898000,1664364898000,'',890,'28/09/2022',_binary '\0',1664377200000,'14:00:00 - 15:00:00','',3,1664373600000,'Internal Meeting',NULL),(902,1664459103000,1664459103000,'',890,'29/09/2022',_binary '\0',1664467200000,'15:30:00 - 16:00:00','',3,1664465400000,'Meeting với sếp',NULL),(903,1664460894000,1664460894000,'',890,'01/10/2022',_binary '\0',1664625300000,'11:00:00 - 11:55:00','',3,1664622000000,'F**k websocket',NULL),(905,1664796082000,1664796235000,'Please arrange your time to join this interview\nRequired: Nguyen Hong Manh',340,'03/10/2022',_binary '\0',1664811000000,'14:00:00 - 15:30:00','dtdat2@cmcglobal.vn,nhmanh@cmcglobal.vn,ptlam@cmcglobal.vn,vvnghia@cmcglobal.vn',3,1664805600000,'Phỏng vấn Technical PM',NULL),(906,1665131896000,1665131896000,'Intro to Angular',892,'07/10/2022',_binary '\0',1665153000000,'13:30:00 - 14:30:00','lhlong@cmcglobal.vn',3,1665149400000,'Boost Sharing Angular',NULL),(907,1665393155000,1665393155000,'',892,'10/10/2022',_binary '\0',1665399600000,'10:00:00 - 11:00:00','',3,1665396000000,'Boost Sprint Planning',NULL),(908,1665567870000,1665567870000,'Mock interview',340,'12/10/2022',_binary '\0',1665586800000,'14:00:00 - 15:00:00','vvthan@cmcglobal.vn,vtnam1@cmcglobal.vn,dtdat2@cmcglobal.vn',3,1665583200000,'Boost Interview',NULL),(909,1665569122000,1665569122000,'',1,'09/11/2022',_binary '',1667989800000,'10:00:00 - 10:30:00','vcminn@gmail.com',3,1667988000000,'asd',NULL),(911,1665585588000,1665585588000,'For more details, please visit https://du1.cmcglobal.com.vn/ or contact the administrator.',910,'13/10/2022',_binary '',1665653400000,'09:00:00 - 09:30:00','',3,1665651600000,'Testing appointment',NULL),(912,1665592856000,1665592877000,'',1,'08/11/2022',_binary '',1667899800000,'09:00:00 - 09:30:00','vcminn@gmail.com',3,1667898000000,'zxczxc',1),(913,1665654623000,1665654623000,'Please arrange your time to join this interview. \nRequired: Vũ Tú Nam',340,'13/10/2022',_binary '\0',1665673200000,'14:00:00 - 15:00:00','dtdat2@cmcglobal.vn,vtnam1@cmcglobal.vn,lhlong@cmcglobal.vn,nmhao@cmcglobal.vn',3,1665669600000,'Boost Interview',NULL),(933,1667484063000,1667484063000,'',340,'03/11/2022',_binary '\0',1667496600000,'16:00:00 - 17:30:00','nqcuong@cmcglobal.vn,dtdat2@cmcglobal.vn',3,1667491200000,'Seminar Unit testing in Frontend',NULL),(935,1667831237000,1667831237000,'Boost interview Tech lead',340,'08/11/2022',_binary '\0',1667919600000,'14:00:00 - 15:00:00','ptlam@cmcglobal.vn,dtdat2@cmcglobal.vn',3,1667916000000,'Boost Interview',NULL),(936,1667831297000,1667831297000,'Boost interview Tech lead',340,'08/11/2022',_binary '\0',1667923200000,'15:00:00 - 16:00:00','dtdat2@cmcglobal.vn,ldthang2@cmcglobal.vn',3,1667919600000,'Boost Interview',NULL),(937,1667834757000,1667834757000,'Boost: Prepare for interview',340,'07/11/2022',_binary '\0',1667842200000,'16:30:00 - 17:30:00','',3,1667838600000,'Boost Interview',NULL),(941,1667906816000,1667907369000,'Hi content',1,'08/11/2022',_binary '\0',1667925000000,'16:00:00 - 16:30:00','truongeasyman@gmail.com',3,1667923200000,'Test Create Appoiment',1),(942,1667985699000,1667985723000,'Boost interview: Technical leader round 2',340,'09/11/2022',_binary '\0',1668013200000,'16:00:00 - 17:00:00','ptlam@cmcglobal.vn,dtdat2@cmcglobal.vn',3,1668009600000,'Boost Interview ',340),(943,1667985922000,1667985922000,'This is test content ',1,'09/11/2022',_binary '\0',1667988000000,'09:30:00 - 10:00:00','truongeasyman@gmail.com',3,1667986200000,'Test create appointment',NULL),(944,1668074908000,1668077516000,'Candidate: Bui Duy Quang',340,'10/11/2022',_binary '\0',1668092400000,'14:00:00 - 15:00:00','ptlam@cmcglobal.vn,dtdat2@cmcglobal.vn,htuyen@cmcglobal.vn',3,1668088800000,'Interview FE Lead',340),(945,1669197340000,1669197340000,'Share knowledge about the project',340,'23/11/2022',_binary '\0',1669203000000,'10:30:00 - 11:30:00','dtdat2@cmcglobal.vn,tthiep@cmcglobal.vn,ttkoanh@cmcglobal.vn,nthong4@cmcglobal.vn',3,1669199400000,'Samudera Meeting',NULL),(946,1669197438000,1669197503000,'Interview Nguyen Manh Ha round 2',340,'23/11/2022',_binary '\0',1669219200000,'14:00:00 - 16:00:00','lhlong@cmcglobal.vn,dtdat2@cmcglobal.vn,ptlam@cmcglobal.vn',3,1669212000000,'Boost Interview Round 2',340),(947,1669197862000,1669197862000,'',892,'23/11/2022',_binary '\0',1669222800000,'16:00:00 - 17:00:00','vkquy@cmcglobal.vn,nmhoang3@cmcglobal.vn,lhlong@cmcglobal.vn',3,1669219200000,'Boost Devops interview',NULL),(948,1669201084000,1669201084000,'Interview manual tester: Nguyen Thi Hong',340,'24/11/2022',_binary '\0',1669305600000,'15:00:00 - 16:00:00','nthong4@cmcglobal.vn,dtdat2@cmcglobal.vn,ttkoanh@cmcglobal.vn',3,1669302000000,'Samudera Interview',NULL),(949,1669372275000,1669381130000,'',343,'25/11/2022',_binary '\0',1669395600000,'16:00:00 - 17:00:00','ntviet2@cmcglobal.vn',3,1669392000000,'G3 - Test Service Initiation Announcement',343),(950,1669375494000,1669375494000,'',892,'25/11/2022',_binary '',1669390200000,'14:00:00 - 15:30:00','',3,1669384800000,'Boost Retro + Sprint Planning',NULL),(951,1669381108000,1669381108000,'',343,'25/11/2022',_binary '\0',1669386600000,'13:30:00 - 14:30:00','',3,1669383000000,'Weekly meeting - DU1 Management',NULL),(952,1669381180000,1669381180000,'',892,'25/11/2022',_binary '\0',1669392000000,'14:30:00 - 16:00:00','',3,1669386600000,'Boost Retro + Sprint Planning',NULL),(953,1669627961000,1669627961000,'',340,'28/11/2022',_binary '\0',1669654800000,'15:30:00 - 17:00:00','dtdat2@cmcglobal.vn,ldthang2@cmcglobal.vn',3,1669649400000,'TCB Interview ',NULL),(956,1669802385000,1669802385000,'',340,'30/11/2022',_binary '\0',1669818600000,'14:00:00 - 14:30:00','txtruong@cmcglobal.vn',3,1669816800000,'Internal Review ',NULL),(957,1669816776000,1669818049000,'',343,'30/11/2022',_binary '\0',1669827600000,'16:00:00 - 17:00:00','',3,1669824000000,'Samudera Meeting',340),(958,1669817463000,1669817463000,'Mọi người đến sớm từ 10h30 nhé',340,'01/12/2022',_binary '\0',1669895700000,'10:30:00 - 11:55:00','ptlam@cmcglobal.vn,dtdat2@cmcglobal.vn,dvtien1@cmcglobal.vn',3,1669890600000,'Boost Interview',NULL),(959,1669832745000,1669832745000,'',340,'01/12/2022',_binary '\0',1669890600000,'09:20:00 - 10:30:00','dtdat2@cmcglobal.vn',3,1669886400000,'Samudera Onboard Meeting',NULL),(960,1669911198000,1669911198000,'',340,'02/12/2022',_binary '\0',1669993200000,'14:00:00 - 15:00:00','ptlam@cmcglobal.vn,dtdat2@cmcglobal.vn,dvtien1@cmcglobal.vn',3,1669989600000,'Boost Interview Round 2',NULL),(962,1669974891000,1669974891000,'',961,'02/12/2022',_binary '\0',1669978800000,'10:00:00 - 11:00:00','',3,1669975200000,'Tpbank weekly meeting',NULL),(963,1669976900000,1669976900000,'',892,'02/12/2022',_binary '\0',1669980600000,'11:00:00 - 11:30:00','',3,1669978800000,'Boost Meet n greet',NULL),(964,1669978380000,1669978380000,'',343,'02/12/2022',_binary '\0',1669996800000,'15:00:00 - 16:00:00','',3,1669993200000,'Weekly meeting - DU1 Management',NULL),(965,1669991353000,1669991353000,'',1,'02/12/2022',_binary '',1670002200000,'17:00:00 - 17:30:00','vcminn@gmail.com',3,1670000400000,'test',NULL),(966,1669991683000,1669991683000,'',1,'02/12/2022',_binary '',1670000400000,'16:30:00 - 17:00:00','vcminn@gmail.com',3,1669998600000,'Very nice meeting',NULL),(967,1669992851000,1669992851000,'',1,'02/12/2022',_binary '',1670000400000,'16:30:00 - 17:00:00','vcminn@gmail.com',3,1669998600000,'hello minh minh',NULL),(968,1670000291000,1670000291000,'',961,'05/12/2022',_binary '\0',1670232600000,'09:00:00 - 09:30:00','',3,1670230800000,'Tpbank daily meeting',NULL),(969,1670000310000,1670000310000,'',961,'06/12/2022',_binary '\0',1670319000000,'09:00:00 - 09:30:00','',3,1670317200000,'Tpbank daily meeting',NULL),(970,1670000319000,1670000319000,'',961,'07/12/2022',_binary '\0',1670405400000,'09:00:00 - 09:30:00','',3,1670403600000,'Tpbank daily meeting',NULL),(971,1670000327000,1670000327000,'',961,'08/12/2022',_binary '\0',1670491800000,'09:00:00 - 09:30:00','',3,1670490000000,'Tpbank daily meeting',NULL),(972,1670000333000,1670000333000,'',961,'09/12/2022',_binary '\0',1670578200000,'09:00:00 - 09:30:00','',3,1670576400000,'Tpbank daily meeting',NULL),(974,1670001013000,1670001013000,'',1,'03/12/2022',_binary '',1670065200000,'10:30:00 - 11:00:00','',3,1670063400000,'resrwesr',NULL),(975,1670001128000,1670001269000,'',1,'03/12/2022',_binary '',1670068800000,'11:30:00 - 12:00:00','',3,1670067000000,'eqweqweq',1),(976,1670001204000,1670001204000,'',1,'02/12/2022',_binary '',1670004000000,'17:14:00 - 18:00:00','',3,1670001240000,'sfdfsdf',NULL),(977,1670001397000,1670001397000,'',890,'02/12/2022',_binary '',1670002200000,'17:17:00 - 17:30:00','',3,1670001420000,'dasdas',NULL),(979,1670233236000,1670233236000,'',978,'05/12/2022',_binary '\0',1670259600000,'15:00:00 - 17:00:00','',3,1670252400000,'du1 singtel',NULL),(980,1670233269000,1670405768000,'',978,'07/12/2022',_binary '\0',1670432400000,'15:00:00 - 17:00:00','huongnguyenthi7897@gmail.com',3,1670425200000,'du1 singtel',1),(981,1670240860000,1670240860000,'',343,'09/12/2022',_binary '\0',1670601600000,'15:00:00 - 16:00:00','',3,1670598000000,'Weekly meeting - DU1 Management',NULL),(984,1670322624000,1670322624000,'họp với khách hàng',983,'06/12/2022',_binary '',1670338800000,'14:00:00 - 15:00:00','vdluan@cmcglobal.vn',3,1670335200000,'Du1 Singtel',NULL),(987,1670427051000,1670427051000,'',1,'10/12/2022',_binary '',1670688011000,'15:30:11 - 16:00:11','dqanh1@cmcglobal.vn,dtphuoc@cmcglobal.vn,ldthang2@cmcglobal.vn',3,1670686211000,'gfgfgf',NULL),(988,1670836560000,1670836560000,'',340,'12/12/2022',_binary '\0',1670864400000,'15:00:00 - 17:00:00','lhlong@cmcglobal.vn',3,1670857200000,'Boost Interview DevOps',NULL),(1021,1670925135000,1670925135000,'',978,'13/12/2022',_binary '',1670947200000,'13:45:00 - 16:00:00','',3,1670939100000,'du1 singtel',NULL),(1022,1670925225000,1670938517000,'',978,'14/12/2022',_binary '\0',1671040800000,'13:45:00 - 18:00:00','',3,1671025500000,'du1 singtel',978),(1024,1671026462000,1671026462000,'',1,'09/01/2023',_binary '',1673256600000,'09:00:00 - 09:30:00','',3,1673254800000,'9am',NULL),(1025,1671113580000,1671113580000,'',340,'15/12/2022',_binary '\0',1671125400000,'17:00:00 - 17:30:00','dtdat2@cmcglobal.vn',3,1671123600000,'Samudera Meeting',NULL),(1027,1671439403000,1671439403000,'',1026,'19/12/2022',_binary '\0',1671444000000,'09:00:00 - 10:00:00','',3,1671440400000,'Onboard team Singtel',NULL),(1028,1671440436000,1671440436000,'',1026,'19/12/2022',_binary '\0',1671447600000,'10:30:00 - 11:00:00','',3,1671445800000,'Onboard team Singtel',NULL),(1029,1671442219000,1671442219000,'',978,'19/12/2022',_binary '\0',1671462000000,'14:00:00 - 15:00:00','',3,1671458400000,'du1 singtel',NULL),(1031,1671447417000,1671447417000,'',1,'02/01/2023',_binary '',1672651800000,'09:00:00 - 09:30:00','',3,1672650000000,'testtest',NULL),(1032,1671447455000,1671447455000,'',1,'02/01/2023',_binary '',1672651800000,'09:00:00 - 09:30:00','',3,1672650000000,'testtest',NULL),(1036,1671448727000,1671448727000,'',340,'19/12/2022',_binary '\0',1671463800000,'15:00:00 - 15:30:00','',3,1671462000000,'Samudera Meeting',NULL),(1037,1671464712000,1671464712000,'',986,'20/12/2022',_binary '',1671557427000,'17:00:27 - 17:30:27','',3,1671555627000,'du1 singtell',NULL),(1038,1671464712000,1671464712000,'',986,'21/12/2022',_binary '',1671557427000,'17:00:27 - 17:30:27','',3,1671555627000,'du1 singtell',NULL),(1040,1671701006000,1671701006000,'',1039,'22/12/2022',_binary '\0',1671710400000,'10:25:00 - 12:00:00','',3,1671704700000,'Phong van',NULL),(1042,1671715993000,1671715993000,'Singtel Prepaid KT',1041,'22/12/2022',_binary '\0',1671724800000,'15:00:00 - 16:00:00','tmhoang2@cmcglobal.vn,nttrung7@cmcglobal.vn',3,1671721200000,'Singtel Prepaid KT',NULL),(1043,1671784802000,1671784802000,'',343,'23/12/2022',_binary '\0',1671791400000,'09:00:00 - 10:30:00','dtdat2@cmcglobal.vn',3,1671786000000,'Phỏng vấn BA',NULL),(1044,1672044285000,1672044285000,'',892,'26/12/2022',_binary '\0',1672050600000,'09:30:00 - 10:30:00','',3,1672047000000,'Boost Sprint Planning',NULL),(1045,1672149461000,1672149474000,'Please arrange your time to join this meeting.\nThanks',340,'28/12/2022',_binary '\0',1672243200000,'15:00:00 - 16:00:00','dtphuong9@cmcglobal.vn,dtdat2@cmcglobal.vn,tthiep2@cmcglobal.vn',3,1672239600000,'Samudera Restrospective',340),(1046,1672219230000,1672219230000,'',340,'28/12/2022',_binary '\0',1672239600000,'13:00:00 - 15:00:00','',3,1672232400000,'Singtel Interview',NULL),(1047,1672219250000,1672219250000,'',340,'28/12/2022',_binary '\0',1672248600000,'16:00:00 - 17:30:00','',3,1672243200000,'Singtel Interview',NULL);
/*!40000 ALTER TABLE `booking` ENABLE KEYS */;
UNLOCK TABLES;

--
-- Table structure for table `department`
--

DROP TABLE IF EXISTS `department`;
/*!40101 SET @saved_cs_client     = @@character_set_client */;
/*!40101 SET character_set_client = utf8 */;
CREATE TABLE `department` (
  `id` bigint(20) NOT NULL,
  `created_at` bigint(20) DEFAULT NULL,
  `updated_at` bigint(20) DEFAULT NULL,
  `is_delete` bit(1) DEFAULT NULL,
  `department_name` varchar(255) COLLATE utf8mb4_unicode_ci DEFAULT NULL,
  `leader` varchar(255) COLLATE utf8mb4_unicode_ci DEFAULT NULL,
  PRIMARY KEY (`id`) USING BTREE
) ENGINE=InnoDB DEFAULT CHARSET=utf8mb4 COLLATE=utf8mb4_unicode_ci ROW_FORMAT=DYNAMIC;
/*!40101 SET character_set_client = @saved_cs_client */;

--
-- Dumping data for table `department`
--

LOCK TABLES `department` WRITE;
/*!40000 ALTER TABLE `department` DISABLE KEYS */;
INSERT INTO `department` VALUES (4,1640622179000,1641381822000,_binary '\0','DU1','Nguyễn Tuấn Việt'),(16,1640623323000,1651857960000,_binary '\0','DU11','Nguyễn Trần Phương'),(46,1640654463000,1640654463000,_binary '\0','DU21','Nguyễn Nhật Quang'),(47,1640688139000,1640688139000,_binary '\0','DU18','Nguyễn Minh Phương'),(185,1640711108000,1652350262000,_binary '\0','DU3','Dư Duy Hưng'),(186,1640711122000,1652349251000,_binary '\0','DU8',' Nguyễn Thị Nhung'),(187,1640711135000,1640712928000,_binary '\0','DU12','Bùi Xuân Trung'),(188,1640711534000,1662565003000,_binary '','DU9','Nguyễn Trung Hiếu'),(191,1640712874000,1640712874000,_binary '\0','DU2','Ngô Xuân Cảnh'),(192,1640712898000,1640712898000,_binary '\0','DU6','Nguyễn Ngọc Giang'),(193,1640712908000,1640712908000,_binary '\0','DU8','Nguyễn Tuyết Nhung'),(194,1640712918000,1640712918000,_binary '\0','DU15','Trần Trung Hiếu'),(195,1640713358000,1640713358000,_binary '\0','DU19','Võ Minh Hoàng'),(422,1662565038000,1662565038000,_binary '\0','DU9','Nguyễn Trung Hiếu');
/*!40000 ALTER TABLE `department` ENABLE KEYS */;
UNLOCK TABLES;

--
-- Table structure for table `device_type`
--

DROP TABLE IF EXISTS `device_type`;
/*!40101 SET @saved_cs_client     = @@character_set_client */;
/*!40101 SET character_set_client = utf8 */;
CREATE TABLE `device_type` (
  `id` bigint(20) NOT NULL,
  `created_at` bigint(20) DEFAULT NULL,
  `updated_at` bigint(20) DEFAULT NULL,
  `brand_name` varchar(255) COLLATE utf8mb4_unicode_ci DEFAULT NULL,
  `is_delete` bit(1) DEFAULT NULL,
  `description` varchar(255) COLLATE utf8mb4_unicode_ci DEFAULT NULL,
  `name` varchar(255) COLLATE utf8mb4_unicode_ci DEFAULT NULL,
  `type` varchar(255) COLLATE utf8mb4_unicode_ci DEFAULT NULL,
  PRIMARY KEY (`id`) USING BTREE
) ENGINE=InnoDB DEFAULT CHARSET=utf8mb4 COLLATE=utf8mb4_unicode_ci ROW_FORMAT=DYNAMIC;
/*!40101 SET character_set_client = @saved_cs_client */;

--
-- Dumping data for table `device_type`
--

LOCK TABLES `device_type` WRITE;
/*!40000 ALTER TABLE `device_type` DISABLE KEYS */;
INSERT INTO `device_type` VALUES (304,1652349425000,1654682659000,'HP',_binary '\0',NULL,'Laptop','NEW'),(305,1652349461000,1652349461000,'APPLE',_binary '\0','Macbook Pro','Macbook','NEW'),(308,1652349715000,1652349715000,'NO BRANCH',_binary '\0',NULL,'Chuột','NEW'),(309,1652349725000,1652350168000,'No branch',_binary '\0',NULL,'Bàn phím','NEW'),(310,1652349811000,1652349811000,'NO BRANCH',_binary '\0',NULL,'Tai nghe','NEW'),(313,1652350440000,1652439930000,'Samsung',_binary '\0',NULL,'Android Mobile','NEW'),(314,1652350478000,1652350478000,'SAMSUNG',_binary '',NULL,'Mobile 1','OLD'),(319,1652352686000,1652352686000,'SAMSUNG',_binary '',NULL,'Sang','NEW'),(320,1652352700000,1652352700000,'SAMSUNG',_binary '',NULL,'Sang','NEW'),(324,1652439945000,1652439945000,'Apple',_binary '\0',NULL,'IOS Mobile','NEW'),(325,1652439956000,1652439956000,'Dell',_binary '\0',NULL,'Màn Hình','NEW'),(388,1662563460000,1662563460000,'Dell',_binary '\0',NULL,'Case','NEW'),(466,1662566494000,1662981336000,'Samsung',_binary '\0',NULL,'Phone','NEW'),(1030,1671444691000,1671444691000,'hoh',_binary '','uh','h','NEW');
/*!40000 ALTER TABLE `device_type` ENABLE KEYS */;
UNLOCK TABLES;

--
-- Table structure for table `hibernate_sequence`
--

DROP TABLE IF EXISTS `hibernate_sequence`;
/*!40101 SET @saved_cs_client     = @@character_set_client */;
/*!40101 SET character_set_client = utf8 */;
CREATE TABLE `hibernate_sequence` (
  `next_val` bigint(20) DEFAULT NULL
) ENGINE=InnoDB DEFAULT CHARSET=utf8mb4 COLLATE=utf8mb4_unicode_ci ROW_FORMAT=DYNAMIC;
/*!40101 SET character_set_client = @saved_cs_client */;

--
-- Dumping data for table `hibernate_sequence`
--

LOCK TABLES `hibernate_sequence` WRITE;
/*!40000 ALTER TABLE `hibernate_sequence` DISABLE KEYS */;
INSERT INTO `hibernate_sequence` VALUES (1048),(1);
/*!40000 ALTER TABLE `hibernate_sequence` ENABLE KEYS */;
UNLOCK TABLES;

--
-- Table structure for table `owner`
--

DROP TABLE IF EXISTS `owner`;
/*!40101 SET @saved_cs_client     = @@character_set_client */;
/*!40101 SET character_set_client = utf8 */;
CREATE TABLE `owner` (
  `id` bigint(20) NOT NULL,
  `created_at` bigint(20) DEFAULT NULL,
  `updated_at` bigint(20) DEFAULT NULL,
  `is_delete` bit(1) DEFAULT NULL,
  `description` varchar(255) COLLATE utf8mb4_unicode_ci DEFAULT NULL,
  `name` varchar(255) COLLATE utf8mb4_unicode_ci DEFAULT NULL,
  PRIMARY KEY (`id`) USING BTREE
) ENGINE=InnoDB DEFAULT CHARSET=utf8mb4 COLLATE=utf8mb4_unicode_ci ROW_FORMAT=DYNAMIC;
/*!40101 SET character_set_client = @saved_cs_client */;

--
-- Dumping data for table `owner`
--

LOCK TABLES `owner` WRITE;
/*!40000 ALTER TABLE `owner` DISABLE KEYS */;
INSERT INTO `owner` VALUES (302,1652349299000,1652349299000,_binary '\0','Tài sản thuộc quản lý của của CMC Global','Tài sản của CMC Global'),(303,1652349345000,1652349345000,_binary '\0','Tài sản được mua bới khách hàng One Connect cung cấp cho dự án','Tài sản của khách hàng One Connect'),(306,1652349521000,1652349521000,_binary '\0','Tài sản riêng của CBNV','Tài sản cá nhân'),(315,1652350559000,1652350559000,_binary '','Tài sản khác cần được quản lý','Tài sản khác'),(321,1652352800000,1652352800000,_binary '','check','TÀI SẢN'),(326,1652440057000,1652440057000,_binary '\0','Các tài sản khác cần được quản lý','Tài sản khác'),(985,1670338760000,1670338760000,_binary '\0',NULL,'Tài sản của Singtel');
/*!40000 ALTER TABLE `owner` ENABLE KEYS */;
UNLOCK TABLES;

--
-- Table structure for table `project`
--

DROP TABLE IF EXISTS `project`;
/*!40101 SET @saved_cs_client     = @@character_set_client */;
/*!40101 SET character_set_client = utf8 */;
CREATE TABLE `project` (
  `id` bigint(20) NOT NULL,
  `created_at` bigint(20) DEFAULT NULL,
  `updated_at` bigint(20) DEFAULT NULL,
  `is_delete` bit(1) DEFAULT NULL,
  `description` varchar(255) COLLATE utf8mb4_unicode_ci DEFAULT NULL,
  `project_leader` varchar(255) COLLATE utf8mb4_unicode_ci DEFAULT NULL,
  `project_name` varchar(255) COLLATE utf8mb4_unicode_ci DEFAULT NULL,
  `short_name` varchar(255) COLLATE utf8mb4_unicode_ci DEFAULT NULL,
  `start_date` varchar(255) COLLATE utf8mb4_unicode_ci DEFAULT NULL,
  `end_date` varchar(255) COLLATE utf8mb4_unicode_ci DEFAULT NULL,
  `project_code` varchar(255) COLLATE utf8mb4_unicode_ci DEFAULT NULL,
  PRIMARY KEY (`id`) USING BTREE
) ENGINE=InnoDB DEFAULT CHARSET=utf8mb4 COLLATE=utf8mb4_unicode_ci ROW_FORMAT=DYNAMIC;
/*!40101 SET character_set_client = @saved_cs_client */;

--
-- Dumping data for table `project`
--

LOCK TABLES `project` WRITE;
/*!40000 ALTER TABLE `project` DISABLE KEYS */;
INSERT INTO `project` VALUES (307,1652349694000,1652349694000,_binary '','Dự án Outsource cho khách hàng TIKI','Đỗ Tiến Đạt','TIKI','TIKI','10/05/2022','10/07/2022','DUTI_123'),(312,1652350397000,1652350397000,_binary '',NULL,'Nguyễn Tuấn Việt','One Connect','1C','11/05/2022',NULL,NULL),(346,1655131600000,1655131600000,_binary '\0',NULL,'Nguyễn Tuấn Việt','One Connect','OC','06/05/2022',NULL,'DU1_OneConnect batch 39_GLBOD220114_2022'),(928,1667386510000,1667386510000,_binary '\0','Fixed Price','Lê Thị Ngọc Bích','Dimerco','Dimerco','01/09/2022',NULL,NULL),(954,1669628114000,1669628114000,_binary '\0','Logistics','Đỗ Tiến Đạt','Samudera','Samudera','01/06/2022',NULL,'GLBOD2200951');
/*!40000 ALTER TABLE `project` ENABLE KEYS */;
UNLOCK TABLES;

--
-- Table structure for table `project_staff`
--

DROP TABLE IF EXISTS `project_staff`;
/*!40101 SET @saved_cs_client     = @@character_set_client */;
/*!40101 SET character_set_client = utf8 */;
CREATE TABLE `project_staff` (
  `id` bigint(20) NOT NULL,
  `created_at` bigint(20) DEFAULT NULL,
  `updated_at` bigint(20) DEFAULT NULL,
  `is_delete` bit(1) DEFAULT NULL,
  `member_id` bigint(20) DEFAULT NULL,
  `project_id` bigint(20) DEFAULT NULL,
  PRIMARY KEY (`id`) USING BTREE
) ENGINE=InnoDB DEFAULT CHARSET=utf8mb4 COLLATE=utf8mb4_unicode_ci ROW_FORMAT=DYNAMIC;
/*!40101 SET character_set_client = @saved_cs_client */;

--
-- Dumping data for table `project_staff`
--

LOCK TABLES `project_staff` WRITE;
/*!40000 ALTER TABLE `project_staff` DISABLE KEYS */;
INSERT INTO `project_staff` VALUES (352,1660644231000,1660644231000,_binary '\0',351,346),(393,1662563717000,1662563717000,_binary '\0',381,346),(421,1662564761000,1662564761000,_binary '\0',405,346),(424,1662565154000,1662565154000,_binary '\0',423,346),(450,1662565809000,1662565809000,_binary '\0',446,346),(461,1662566296000,1662566296000,_binary '\0',460,346),(479,1662566800000,1662566800000,_binary '\0',478,346),(496,1662567528000,1662567528000,_binary '\0',495,346),(510,1662567951000,1662567951000,_binary '\0',509,346),(521,1662568386000,1662568386000,_binary '\0',520,346),(526,1662568632000,1662568632000,_binary '\0',525,346),(575,1662570009000,1662570009000,_binary '\0',562,346),(577,1662570177000,1662570177000,_binary '\0',576,346),(588,1662570720000,1662570720000,_binary '\0',587,346),(605,1662571209000,1662571209000,_binary '\0',604,346),(624,1662572307000,1662572307000,_binary '\0',621,346),(645,1662647876000,1662647876000,_binary '\0',644,346),(678,1662649170000,1662649170000,_binary '\0',662,346),(680,1662650180000,1662650180000,_binary '\0',679,346),(689,1662650908000,1662650908000,_binary '\0',688,346),(701,1662651531000,1662651531000,_binary '\0',699,346),(705,1662652461000,1662652461000,_binary '\0',704,346),(740,1663172983000,1663172983000,_binary '\0',727,346),(757,1663236215000,1663236215000,_binary '\0',747,346),(759,1663237567000,1663237567000,_binary '\0',758,346),(777,1663252143000,1663252143000,_binary '\0',776,346),(877,1663323062000,1663323062000,_binary '\0',876,346),(929,1667386520000,1667386520000,_binary '\0',927,928),(955,1669628208000,1669628208000,_binary '\0',351,954),(973,1670000473000,1670000473000,_binary '\0',652,346);
/*!40000 ALTER TABLE `project_staff` ENABLE KEYS */;
UNLOCK TABLES;

--
-- Table structure for table `role`
--

DROP TABLE IF EXISTS `role`;
/*!40101 SET @saved_cs_client     = @@character_set_client */;
/*!40101 SET character_set_client = utf8 */;
CREATE TABLE `role` (
  `id` bigint(20) NOT NULL,
  `created_at` bigint(20) DEFAULT NULL,
  `updated_at` bigint(20) DEFAULT NULL,
  `role_name` varchar(255) COLLATE utf8mb4_unicode_ci DEFAULT NULL,
  PRIMARY KEY (`id`) USING BTREE
) ENGINE=InnoDB DEFAULT CHARSET=utf8mb4 COLLATE=utf8mb4_unicode_ci ROW_FORMAT=DYNAMIC;
/*!40101 SET character_set_client = @saved_cs_client */;

--
-- Dumping data for table `role`
--

LOCK TABLES `role` WRITE;
/*!40000 ALTER TABLE `role` DISABLE KEYS */;
INSERT INTO `role` VALUES (1,1640596635,1640596635,'ROLE_ADMIN'),(2,1640596635,1640596635,'ROLE_USER');
/*!40000 ALTER TABLE `role` ENABLE KEYS */;
UNLOCK TABLES;

--
-- Table structure for table `room`
--

DROP TABLE IF EXISTS `room`;
/*!40101 SET @saved_cs_client     = @@character_set_client */;
/*!40101 SET character_set_client = utf8 */;
CREATE TABLE `room` (
  `id` bigint(20) NOT NULL,
  `created_at` bigint(20) DEFAULT NULL,
  `updated_at` bigint(20) DEFAULT NULL,
  `available` int(11) DEFAULT NULL,
  `is_delete` bit(1) DEFAULT NULL,
  `location` varchar(255) COLLATE utf8mb4_unicode_ci DEFAULT NULL,
  `overload` bit(1) DEFAULT NULL,
  `room_capacity` int(11) DEFAULT NULL,
  `room_name` varchar(255) COLLATE utf8mb4_unicode_ci DEFAULT NULL,
  `room_type` varchar(255) COLLATE utf8mb4_unicode_ci DEFAULT NULL,
  `status` int(11) DEFAULT NULL,
  PRIMARY KEY (`id`) USING BTREE
) ENGINE=InnoDB DEFAULT CHARSET=utf8mb4 COLLATE=utf8mb4_unicode_ci ROW_FORMAT=DYNAMIC;
/*!40101 SET character_set_client = @saved_cs_client */;

--
-- Dumping data for table `room`
--

LOCK TABLES `room` WRITE;
/*!40000 ALTER TABLE `room` DISABLE KEYS */;
INSERT INTO `room` VALUES (3,1640622001000,1640622001000,0,_binary '\0','Tầng 8 - CMC Tower',_binary '\0',12,'1C - One Connect','MEDIUM',1),(173,1640706459000,1640706459000,0,_binary '','cmc building',_binary '\0',120,'sài gòn','MEDIUM',1),(174,1640706478000,1640706478000,0,_binary '','cmc building',_binary '\0',160,'đà nẵng','MEDIUM',1),(175,1640706879000,1640706879000,0,_binary '','cmc building',_binary '\0',165,'oneconnect','MEDIUM',1),(176,1640706895000,1640706895000,0,_binary '','Thành Công Tower',_binary '\0',100,'spring','MEDIUM',1),(177,1640706905000,1640706905000,0,_binary '','Thành Công Tower',_binary '\0',125,'summer','MEDIUM',1),(178,1640706915000,1640706915000,0,_binary '','cmc building',_binary '\0',128,'autumn','MEDIUM',1),(179,1640706925000,1640706925000,0,_binary '','cmc building',_binary '\0',125,'winter','MEDIUM',1),(331,1652441247000,1652441247000,0,_binary '\0','Tầng 8 - CMC Tower',_binary '\0',10,'Hà Nội','MEDIUM',0),(332,1652441259000,1652441259000,0,_binary '\0','Tầng 8 - CMC Tower',_binary '\0',10,'Đà Nẵng','MEDIUM',0),(333,1652441270000,1652441270000,0,_binary '\0','Tầng 8 - CMC Tower',_binary '\0',8,'Sài Gòn','MEDIUM',1);
/*!40000 ALTER TABLE `room` ENABLE KEYS */;
UNLOCK TABLES;

--
-- Table structure for table `userotp`
--

DROP TABLE IF EXISTS `userotp`;
/*!40101 SET @saved_cs_client     = @@character_set_client */;
/*!40101 SET character_set_client = utf8 */;
CREATE TABLE `userotp` (
  `id` bigint(20) NOT NULL,
  `created_at` bigint(20) DEFAULT NULL,
  `updated_at` bigint(20) DEFAULT NULL,
  `otp` varchar(6) COLLATE utf8mb4_unicode_ci NOT NULL,
  `used` bit(1) NOT NULL,
  `user_mail` varchar(255) COLLATE utf8mb4_unicode_ci NOT NULL,
  PRIMARY KEY (`id`) USING BTREE
) ENGINE=InnoDB DEFAULT CHARSET=utf8mb4 COLLATE=utf8mb4_unicode_ci ROW_FORMAT=DYNAMIC;
/*!40101 SET character_set_client = @saved_cs_client */;

--
-- Dumping data for table `userotp`
--

LOCK TABLES `userotp` WRITE;
/*!40000 ALTER TABLE `userotp` DISABLE KEYS */;
INSERT INTO `userotp` VALUES (335,1653044139000,1653044139000,'387762',_binary '\0','nvtruong4@cmcglobal.vn');
/*!40000 ALTER TABLE `userotp` ENABLE KEYS */;
UNLOCK TABLES;

--
-- Table structure for table `users_refresh_token`
--

DROP TABLE IF EXISTS `users_refresh_token`;
/*!40101 SET @saved_cs_client     = @@character_set_client */;
/*!40101 SET character_set_client = utf8 */;
CREATE TABLE `users_refresh_token` (
  `id` varchar(255) COLLATE utf8mb4_unicode_ci NOT NULL,
  `created_at` bigint(20) DEFAULT NULL,
  `updated_at` bigint(20) DEFAULT NULL,
  `expire_at` bigint(20) DEFAULT NULL,
  `is_expired` int(11) DEFAULT NULL,
  `issued_at` bigint(20) DEFAULT NULL,
  `refresh_token` text COLLATE utf8mb4_unicode_ci,
  `user_id` bigint(20) DEFAULT NULL,
  PRIMARY KEY (`id`) USING BTREE
) ENGINE=InnoDB DEFAULT CHARSET=utf8mb4 COLLATE=utf8mb4_unicode_ci ROW_FORMAT=DYNAMIC;
/*!40101 SET character_set_client = @saved_cs_client */;

--
-- Dumping data for table `users_refresh_token`
--

LOCK TABLES `users_refresh_token` WRITE;
/*!40000 ALTER TABLE `users_refresh_token` DISABLE KEYS */;
INSERT INTO `users_refresh_token` VALUES ('026b8af1-6d98-4afe-bbce-e6f3fe0c087d',1669171871,1669171871,1669258271,1,1669171871,'eyJhbGciOiJIUzUxMiJ9.eyJzdWIiOiJhZG1pbmdsb2JhbEBnbWFpbC5jb20iLCJzY29wZXMiOlsiUk9MRV9SRUZSRVNIX1RPS0VOIl0sInVzZXJJZCI6MSwianRpIjoiMDI2YjhhZjEtNmQ5OC00YWZlLWJiY2UtZTZmM2ZlMGMwODdkIiwiaWF0IjoxNjY5MTcxODcxLCJleHAiOjE2NjkyNTgyNzF9.8YVQakdhsJZ-PZZD9UeIE_-XCniwQAzfeX5ALINyRl7UvIC94AY99rbQ5znCQxkbmM5JKc4UX2mc_9PdFWkWEg',1),('076badc1-9b10-4ccd-b283-f292f4b41078',1671690608,1671690608,1671777007,0,1671690607,'eyJhbGciOiJIUzUxMiJ9.eyJzdWIiOiJ0bWhvYW5nMkBjbWNnbG9iYWwudm4iLCJzY29wZXMiOlsiUk9MRV9SRUZSRVNIX1RPS0VOIl0sInVzZXJJZCI6MTA0MSwianRpIjoiMDc2YmFkYzEtOWIxMC00Y2NkLWIyODMtZjI5MmY0YjQxMDc4IiwiaWF0IjoxNjcxNjkwNjA3LCJleHAiOjE2NzE3NzcwMDd9.m1zI_LzTNu6jH7Bh7CbksT-w4lgxT_OoEFAxLIlKovRE9WjP1DEtaOXWRQU2NG5mTZbt2raIeyxvK1Io5zOGGg',1041),('08313263-3ef1-4032-996c-e28dacffc03f',1671078485,1671078485,1671164885,1,1671078485,'eyJhbGciOiJIUzUxMiJ9.eyJzdWIiOiJkdGRhdDJAY21jZ2xvYmFsLnZuIiwic2NvcGVzIjpbIlJPTEVfUkVGUkVTSF9UT0tFTiJdLCJ1c2VySWQiOjM0MCwianRpIjoiMDgzMTMyNjMtM2VmMS00MDMyLTk5NmMtZTI4ZGFjZmZjMDNmIiwiaWF0IjoxNjcxMDc4NDg1LCJleHAiOjE2NzExNjQ4ODV9.ebn54UJ2GBAgnV7TP3EchpTvQXx3ALc30X-ePxLdl6qHEgGNE_BVo6l-K1sdKLuJdeK4OSP1wNpRvjiybQiEhw',340),('08ed4af4-d4b1-4451-b178-fb999e2be20b',1665367930,1665367930,1665454330,1,1665367930,'eyJhbGciOiJIUzUxMiJ9.eyJzdWIiOiJsaGxvbmdAY21jZ2xvYmFsLnZuIiwic2NvcGVzIjpbIlJPTEVfUkVGUkVTSF9UT0tFTiJdLCJ1c2VySWQiOjg5MiwianRpIjoiMDhlZDRhZjQtZDRiMS00NDUxLWIxNzgtZmI5OTllMmJlMjBiIiwiaWF0IjoxNjY1MzY3OTMwLCJleHAiOjE2NjU0NTQzMzB9.FyMbmL6eUIJE0birdj3lqZXYJhQoIwu8uwF0dvNzFC5ZCktqjs8G1sEf6To5mKlu_pvO4lENzk--f806vwoyng',892),('091cfb28-156e-445f-93c6-dab6609b46a1',1670811546,1670811546,1670897946,1,1670811546,'eyJhbGciOiJIUzUxMiJ9.eyJzdWIiOiJudHRpbmgxQGNtY2dsb2JhbC52biIsInNjb3BlcyI6WyJST0xFX1JFRlJFU0hfVE9LRU4iXSwidXNlcklkIjo5ODIsImp0aSI6IjA5MWNmYjI4LTE1NmUtNDQ1Zi05M2M2LWRhYjY2MDliNDZhMSIsImlhdCI6MTY3MDgxMTU0NiwiZXhwIjoxNjcwODk3OTQ2fQ.-3ruC_rGPm6xANsipeXmjupqHo-umEDI8R8l3zRdDWoOTN9tyHNW3ZktkgnE3xPd1C62ClwFC-g93VD1qNQ6vw',982),('096f1669-19e8-4895-ab33-d846fa8d1bb4',1669976209,1669976209,1670062609,0,1669976209,'eyJhbGciOiJIUzUxMiJ9.eyJzdWIiOiJwYm5hbUBjbWNnbG9iYWwudm4iLCJzY29wZXMiOlsiUk9MRV9SRUZSRVNIX1RPS0VOIl0sInVzZXJJZCI6OTA0LCJqdGkiOiIwOTZmMTY2OS0xOWU4LTQ4OTUtYWIzMy1kODQ2ZmE4ZDFiYjQiLCJpYXQiOjE2Njk5NzYyMDksImV4cCI6MTY3MDA2MjYwOX0.1RGkRBbC1AwlvyslmnZMwubU763sa6k5RsBbO90Z26is71uBUltuHsRKu6MbxYwOlFFrr3m2uwfYj83EUoJXlw',904),('0b8f7437-d07c-4a08-84a0-4feb08252190',1665560341,1665560341,1665646741,1,1665560341,'eyJhbGciOiJIUzUxMiJ9.eyJzdWIiOiJudHFhbmgzQGNtY2dsb2JhbC52biIsInNjb3BlcyI6WyJST0xFX1JFRlJFU0hfVE9LRU4iXSwidXNlcklkIjo5MTAsImp0aSI6IjBiOGY3NDM3LWQwN2MtNGEwOC04NGEwLTRmZWIwODI1MjE5MCIsImlhdCI6MTY2NTU2MDM0MSwiZXhwIjoxNjY1NjQ2NzQxfQ.eTxbouuDAIuu0iPd6gaDFOGHBkg4fcOh8EYt7aheaKDU4HPOShyorStUl2zKKSp2Cs76d0qei7CsXmWCBjTuWQ',910),('0c4d7485-0dff-4872-b501-fd6a16950dd4',1663055249,1663055249,1663141649,1,1663055249,'eyJhbGciOiJIUzUxMiJ9.eyJzdWIiOiJodHV5ZW5AY21jZ2xvYmFsLnZuIiwic2NvcGVzIjpbIlJPTEVfUkVGUkVTSF9UT0tFTiJdLCJ1c2VySWQiOjM0MywianRpIjoiMGM0ZDc0ODUtMGRmZi00ODcyLWI1MDEtZmQ2YTE2OTUwZGQ0IiwiaWF0IjoxNjYzMDU1MjQ5LCJleHAiOjE2NjMxNDE2NDl9.YbUqG0kEISx5Xqk1nZ_-J_dlQ05QEOjnE73ReNfTt2yQov6ZrrrB8EmmN33DIzsfc5zJAEKR9GmoZm3CwHomIA',343),('0c637131-0ab3-4d2f-b456-7b338ecde67f',1661850052,1661850052,1661936452,1,1661850052,'eyJhbGciOiJIUzUxMiJ9.eyJzdWIiOiJkdGRhdDJAY21jZ2xvYmFsLnZuIiwic2NvcGVzIjpbIlJPTEVfUkVGUkVTSF9UT0tFTiJdLCJ1c2VySWQiOjM0MCwianRpIjoiMGM2MzcxMzEtMGFiMy00ZDJmLWI0NTYtN2IzMzhlY2RlNjdmIiwiaWF0IjoxNjYxODUwMDUyLCJleHAiOjE2NjE5MzY0NTJ9.M8DNQu2vdwtj7U7ol6aTHER19ubBYh7mbHKgQkQenpHofCnxOwXFQKZdSpIv_hTKdugSZVMjUzJ7IHQaOlVqHg',340),('0fa8a050-f393-4940-9c8a-0c78130f20f0',1665029942,1665029942,1665116342,1,1665029942,'eyJhbGciOiJIUzUxMiJ9.eyJzdWIiOiJhZG1pbmdsb2JhbEBnbWFpbC5jb20iLCJzY29wZXMiOlsiUk9MRV9SRUZSRVNIX1RPS0VOIl0sInVzZXJJZCI6MSwianRpIjoiMGZhOGEwNTAtZjM5My00OTQwLTljOGEtMGM3ODEzMGYyMGYwIiwiaWF0IjoxNjY1MDI5OTQyLCJleHAiOjE2NjUxMTYzNDJ9.K7vG5RzuJ8q0bouGg1g8dqnb0qBz06Rc-o2unZJoHC1mOAVS07HD0S3goF1Cnv7aSIpW1nEuE4tKZzaawigFHw',1),('11adddb0-93b3-4141-bbdf-04383880cc56',1667466618,1667466618,1667553018,1,1667466618,'eyJhbGciOiJIUzUxMiJ9.eyJzdWIiOiJodHV5ZW5AY21jZ2xvYmFsLnZuIiwic2NvcGVzIjpbIlJPTEVfUkVGUkVTSF9UT0tFTiJdLCJ1c2VySWQiOjM0MywianRpIjoiMTFhZGRkYjAtOTNiMy00MTQxLWJiZGYtMDQzODM4ODBjYzU2IiwiaWF0IjoxNjY3NDY2NjE4LCJleHAiOjE2Njc1NTMwMTh9.JS8lvFxHMhJZhuGc_1KvG00-eJm5Ot0MMnJMK73g2chmRQQ8zwG0_XgpK6ZayhpD0A4erFM7T3KwRsfexZ9yQA',343),('11f2af0e-7e6e-46c6-b65f-8af14bdb360e',1670470769,1670470769,1670557169,1,1670470769,'eyJhbGciOiJIUzUxMiJ9.eyJzdWIiOiJodW9uZ25ndXllbnRoaTc4OTdAZ21haWwuY29tIiwic2NvcGVzIjpbIlJPTEVfUkVGUkVTSF9UT0tFTiJdLCJ1c2VySWQiOjk4NiwianRpIjoiMTFmMmFmMGUtN2U2ZS00NmM2LWI2NWYtOGFmMTRiZGIzNjBlIiwiaWF0IjoxNjcwNDcwNzY5LCJleHAiOjE2NzA1NTcxNjl9.t4VWXdIM9z_a4R_lvphRoLZr9iDXPmyL8otsqEuqbDJrHKsO2EPBOuKnc6pE42IPZ8Y9BD3tiY1pa1NcB7HTww',986),('130047a0-7af8-4c46-8c46-ca72124319b5',1661157789,1661157789,1661244189,1,1661157789,'eyJhbGciOiJIUzUxMiJ9.eyJzdWIiOiJhZG1pbkdsb2JhbEBnbWFpbC5jb20iLCJzY29wZXMiOlsiUk9MRV9SRUZSRVNIX1RPS0VOIl0sInVzZXJJZCI6MSwianRpIjoiMTMwMDQ3YTAtN2FmOC00YzQ2LThjNDYtY2E3MjEyNDMxOWI1IiwiaWF0IjoxNjYxMTU3Nzg5LCJleHAiOjE2NjEyNDQxODl9.r7j_iR0XVIq3K3u8kBqEZF4xAZx4fUcu7zJRs9h-gCjyn4u3P5VIeTrOLSSOe--YGBrZ1SbdSiRh96qpzTCkKg',1),('1404fcd3-85a1-4d64-8134-98ca04521920',1654745610,1654745610,1654832010,1,1654745610,'eyJhbGciOiJIUzUxMiJ9.eyJzdWIiOiJodHV5ZW5AY21jZ2xvYmFsLnZuIiwic2NvcGVzIjpbIlJPTEVfUkVGUkVTSF9UT0tFTiJdLCJ1c2VySWQiOjM0MywianRpIjoiMTQwNGZjZDMtODVhMS00ZDY0LTgxMzQtOThjYTA0NTIxOTIwIiwiaWF0IjoxNjU0NzQ1NjEwLCJleHAiOjE2NTQ4MzIwMTB9.nOYwp3CmI8EBLKh6JtPku84ZupKmUwhoptqBeH04ns2wnQi4WzUi7MicoF6vNNAN-Ly9zo_hC1uSvcSrQBhO9g',343),('1467a6d3-e076-4a75-b2d4-38788a88e548',1657787453,1657787453,1657873853,1,1657787453,'eyJhbGciOiJIUzUxMiJ9.eyJzdWIiOiJhZG1pbkdsb2JhbEBnbWFpbC5jb20iLCJzY29wZXMiOlsiUk9MRV9SRUZSRVNIX1RPS0VOIl0sInVzZXJJZCI6MSwianRpIjoiMTQ2N2E2ZDMtZTA3Ni00YTc1LWIyZDQtMzg3ODhhODhlNTQ4IiwiaWF0IjoxNjU3Nzg3NDUzLCJleHAiOjE2NTc4NzM4NTN9.uU0DY0KSNSAMQ2CIy7T1apHmZAgslRMYMbeZJ0CeLYa45I1XedsBMww2SdCYoVj2uJ_L-MWS_u9pFJU5oVGeTQ',1),('15c40b68-d6bb-42e7-9bab-a2ef931f3b30',1653274116,1653274116,1653360516,1,1653274116,'eyJhbGciOiJIUzUxMiJ9.eyJzdWIiOiJhZG1pbkdsb2JhbEBnbWFpbC5jb20iLCJzY29wZXMiOlsiUk9MRV9SRUZSRVNIX1RPS0VOIl0sInVzZXJJZCI6MSwianRpIjoiMTVjNDBiNjgtZDZiYi00MmU3LTliYWItYTJlZjkzMWYzYjMwIiwiaWF0IjoxNjUzMjc0MTE2LCJleHAiOjE2NTMzNjA1MTZ9._I6JrQjTUC14W-FgSELZL-J_5He_3WrDlBDvHnYFwYzqFqI5xYaYSt7ryoi7rhECCNJbmS58wu07hSP_qKubJQ',1),('17778fad-9db3-4811-b472-9d27a81e22ad',1671675764,1671675764,1671762164,0,1671675764,'eyJhbGciOiJIUzUxMiJ9.eyJzdWIiOiJudHRoYW0xQGNtY2dsb2JhbC52biIsInNjb3BlcyI6WyJST0xFX1JFRlJFU0hfVE9LRU4iXSwidXNlcklkIjoxMDM5LCJqdGkiOiIxNzc3OGZhZC05ZGIzLTQ4MTEtYjQ3Mi05ZDI3YTgxZTIyYWQiLCJpYXQiOjE2NzE2NzU3NjQsImV4cCI6MTY3MTc2MjE2NH0.uuwWU_LDpmCfV5gyZ2cJW3TcOcRiut_mEz83dXzRTV9yJjHI0UHAmsQRNeKyqDOpXBaQvcaZLwwi-k8DesltnA',1039),('17e05954-ee36-4dab-993b-f0db1ced4c67',1657073547,1657073547,1657159947,1,1657073547,'eyJhbGciOiJIUzUxMiJ9.eyJzdWIiOiJkdGRhdDJAY21jZ2xvYmFsLnZuIiwic2NvcGVzIjpbIlJPTEVfUkVGUkVTSF9UT0tFTiJdLCJ1c2VySWQiOjM0MCwianRpIjoiMTdlMDU5NTQtZWUzNi00ZGFiLTk5M2ItZjBkYjFjZWQ0YzY3IiwiaWF0IjoxNjU3MDczNTQ3LCJleHAiOjE2NTcxNTk5NDd9.Wut2gdgMj72MRqdvoNDvJJc1lmr-nqJn4tq4cP9HJsAP0b26EggJlCiwqDXlflVSXVCAdyBOP9nf4f09PbP3uQ',340),('1a447d13-3502-4f6b-8ed8-0d8874a0a2df',1670988246,1670988246,1671074646,1,1670988246,'eyJhbGciOiJIUzUxMiJ9.eyJzdWIiOiJhZG1pbmdsb2JhbEBnbWFpbC5jb20iLCJzY29wZXMiOlsiUk9MRV9SRUZSRVNIX1RPS0VOIl0sInVzZXJJZCI6MSwianRpIjoiMWE0NDdkMTMtMzUwMi00ZjZiLThlZDgtMGQ4ODc0YTBhMmRmIiwiaWF0IjoxNjcwOTg4MjQ2LCJleHAiOjE2NzEwNzQ2NDZ9.BjDiebQPa_M3dEehttqrPF_YqHW2M5fh6fS88Hdzihpfwb0jhDYUPrOouG_8n0i9E3yFl3C5qESkcUrkrGgpjA',1),('1b8f698e-f303-4cf9-9fe4-565364d0caa8',1671171973,1671171973,1671258373,1,1671171973,'eyJhbGciOiJIUzUxMiJ9.eyJzdWIiOiJhZG1pbmdsb2JhbEBnbWFpbC5jb20iLCJzY29wZXMiOlsiUk9MRV9SRUZSRVNIX1RPS0VOIl0sInVzZXJJZCI6MSwianRpIjoiMWI4ZjY5OGUtZjMwMy00Y2Y5LTlmZTQtNTY1MzY0ZDBjYWE4IiwiaWF0IjoxNjcxMTcxOTczLCJleHAiOjE2NzEyNTgzNzN9.OX4lpvVOEeFwbwEh9wIPfykVLgwsrc7QCqg8mARjk1c9NgoqYjNsbBLZsz_tKZMXmjujiHcgrX3rj05GmZJyzg',1),('1eacca57-fc97-4fa1-b06d-cad5ef8f8d81',1662956715,1662956715,1663043115,1,1662956715,'eyJhbGciOiJIUzUxMiJ9.eyJzdWIiOiJhZG1pbkdsb2JhbEBnbWFpbC5jb20iLCJzY29wZXMiOlsiUk9MRV9SRUZSRVNIX1RPS0VOIl0sInVzZXJJZCI6MSwianRpIjoiMWVhY2NhNTctZmM5Ny00ZmExLWIwNmQtY2FkNWVmOGY4ZDgxIiwiaWF0IjoxNjYyOTU2NzE1LCJleHAiOjE2NjMwNDMxMTV9.7mQ6dbjMMjgFrg_JvnJjLZHiTnH55uznDoFC9IMfU5g2LgVvAIbJ9g26mUjgXseOIrDhh2N8Tm_RsJLDxzgIQA',1),('20dc0758-2695-4c85-9435-f08d37a980b6',1671414137,1671414137,1671500537,0,1671414137,'eyJhbGciOiJIUzUxMiJ9.eyJzdWIiOiJudHRydW5nN0BjbWNnbG9iYWwudm4iLCJzY29wZXMiOlsiUk9MRV9SRUZSRVNIX1RPS0VOIl0sInVzZXJJZCI6MTAyNiwianRpIjoiMjBkYzA3NTgtMjY5NS00Yzg1LTk0MzUtZjA4ZDM3YTk4MGI2IiwiaWF0IjoxNjcxNDE0MTM3LCJleHAiOjE2NzE1MDA1Mzd9.dfDUp_lCv98fWCY_TVbQmv0CIGy9Adppk54pvQsvFDiTQdA2pUWfzq-YY7MfYYgFaMcdeOWWldfy-86QvGA4Gw',1026),('22186425-fef4-4041-9d95-e264cc27895e',1652696866,1652696866,1652783265,1,1652696865,'eyJhbGciOiJIUzUxMiJ9.eyJzdWIiOiJhZG1pbkdsb2JhbEBnbWFpbC5jb20iLCJzY29wZXMiOlsiUk9MRV9SRUZSRVNIX1RPS0VOIl0sInVzZXJJZCI6MSwianRpIjoiMjIxODY0MjUtZmVmNC00MDQxLTlkOTUtZTI2NGNjMjc4OTVlIiwiaWF0IjoxNjUyNjk2ODY1LCJleHAiOjE2NTI3ODMyNjV9.hDsxHQL3wfb-SnPP4b1gkhKssr6aoRSdS3ISWvBoenIhrtgNkzmbJ9hFUAD7pFLSoEQXhzAbpDBYWwAgNbWnoQ',1),('2639b1a2-6cb1-49e7-8437-0540c429d528',1670905646,1670905646,1670992046,1,1670905646,'eyJhbGciOiJIUzUxMiJ9.eyJzdWIiOiJkdGRhdDJAY21jZ2xvYmFsLnZuIiwic2NvcGVzIjpbIlJPTEVfUkVGUkVTSF9UT0tFTiJdLCJ1c2VySWQiOjM0MCwianRpIjoiMjYzOWIxYTItNmNiMS00OWU3LTg0MzctMDU0MGM0MjlkNTI4IiwiaWF0IjoxNjcwOTA1NjQ2LCJleHAiOjE2NzA5OTIwNDZ9.E5ylSmAUo5j-vq-TtigipBE6j3TOyKP0nxpxhywjzKZwpv4RO45rjW5JqRdPqkFWpnioMwWUx_aH-PmqolvQ0w',340),('2b6e0457-ddb1-4dee-bcb8-9b3d47ed5d0c',1664433872,1664433872,1664520272,1,1664433872,'eyJhbGciOiJIUzUxMiJ9.eyJzdWIiOiJ0bW5oYXRAY21jZ2xvYmFsLnZuIiwic2NvcGVzIjpbIlJPTEVfUkVGUkVTSF9UT0tFTiJdLCJ1c2VySWQiOjg5MCwianRpIjoiMmI2ZTA0NTctZGRiMS00ZGVlLWJjYjgtOWIzZDQ3ZWQ1ZDBjIiwiaWF0IjoxNjY0NDMzODcyLCJleHAiOjE2NjQ1MjAyNzJ9.ojzOLZOyqUbLfFNmXHFlBpZSb47_5tWI47kPuvDOoEOhSjpwjsJgySe_j-k-PrRNevVJ9zcbetS4VCaxDUa0OA',890),('2e32c2dd-8830-4454-b091-99bd97c4f3d5',1670222626,1670222626,1670309026,0,1670222626,'eyJhbGciOiJIUzUxMiJ9.eyJzdWIiOiJudHFhbmgzQGNtY2dsb2JhbC52biIsInNjb3BlcyI6WyJST0xFX1JFRlJFU0hfVE9LRU4iXSwidXNlcklkIjo5MTAsImp0aSI6IjJlMzJjMmRkLTg4MzAtNDQ1NC1iMDkxLTk5YmQ5N2M0ZjNkNSIsImlhdCI6MTY3MDIyMjYyNiwiZXhwIjoxNjcwMzA5MDI2fQ.SLeQI2lvEC8eexa7xyxauJ-6RScFCJZljni22ENAZgCaet7P8I7sWuml_Mtlo_PStFSgzZUspyWrrvH-OLQjIw',910),('2e614020-be19-44af-9489-e02a58df8335',1672124133,1672124133,1672210533,0,1672124133,'eyJhbGciOiJIUzUxMiJ9.eyJzdWIiOiJkdGRhdDJAY21jZ2xvYmFsLnZuIiwic2NvcGVzIjpbIlJPTEVfUkVGUkVTSF9UT0tFTiJdLCJ1c2VySWQiOjM0MCwianRpIjoiMmU2MTQwMjAtYmUxOS00NGFmLTk0ODktZTAyYTU4ZGY4MzM1IiwiaWF0IjoxNjcyMTI0MTMzLCJleHAiOjE2NzIyMTA1MzN9.nOYQNojEzsGKwQzPCzaTm1QP3QS3ew5YCT5nwn0ACJE_H1T-5qhg6GMgDFR3dLZkdeLggQmeonp-VzTF_ratGA',340),('2ea8cfa7-c6b3-4e1f-9bef-f5da7343007a',1660618610,1660618610,1660705010,1,1660618610,'eyJhbGciOiJIUzUxMiJ9.eyJzdWIiOiJodHV5ZW5AY21jZ2xvYmFsLnZuIiwic2NvcGVzIjpbIlJPTEVfUkVGUkVTSF9UT0tFTiJdLCJ1c2VySWQiOjM0MywianRpIjoiMmVhOGNmYTctYzZiMy00ZTFmLTliZWYtZjVkYTczNDMwMDdhIiwiaWF0IjoxNjYwNjE4NjEwLCJleHAiOjE2NjA3MDUwMTB9.nziQieW68exQzJuXKzJMnXgPdsj_iyGB_03uLjrZ1qQv75dw05lpvv3qIUygn6ExeH2r73TG2zEmQQuGNbcxJQ',343),('3138258d-13c3-4a14-bfa4-ac8ae0c5d0b7',1665106642,1665106642,1665193042,1,1665106642,'eyJhbGciOiJIUzUxMiJ9.eyJzdWIiOiJsaGxvbmdAY21jZ2xvYmFsLnZuIiwic2NvcGVzIjpbIlJPTEVfUkVGUkVTSF9UT0tFTiJdLCJ1c2VySWQiOjg5MiwianRpIjoiMzEzODI1OGQtMTNjMy00YTE0LWJmYTQtYWM4YWUwYzVkMGI3IiwiaWF0IjoxNjY1MTA2NjQyLCJleHAiOjE2NjUxOTMwNDJ9.5PXqGtzND2FKL-dacL1uENpjIoP3y_kLIbP2ARhL8zMZey5L79L-M4puOzlwaXNW7EnwkCxST4ZPBqojemZPTw',892),('31b15332-f467-4cb8-a5ca-803da2bebc30',1671423459,1671423459,1671509859,1,1671423459,'eyJhbGciOiJIUzUxMiJ9.eyJzdWIiOiJkdGRhdDJAY21jZ2xvYmFsLnZuIiwic2NvcGVzIjpbIlJPTEVfUkVGUkVTSF9UT0tFTiJdLCJ1c2VySWQiOjM0MCwianRpIjoiMzFiMTUzMzItZjQ2Ny00Y2I4LWE1Y2EtODAzZGEyYmViYzMwIiwiaWF0IjoxNjcxNDIzNDU5LCJleHAiOjE2NzE1MDk4NTl9.JZ81TNB0K5R0ySTYm8TJjdLaoDFwow8Umo7x4uABIDaml_eNXKmjF3Oljk7IbKnrvqZMjArHmM6-RnWFXJRfcg',340),('325e7a1a-e2f9-4f3e-8114-192254bf6921',1669944486,1669944486,1670030886,1,1669944486,'eyJhbGciOiJIUzUxMiJ9.eyJzdWIiOiJsaGxvbmdAY21jZ2xvYmFsLnZuIiwic2NvcGVzIjpbIlJPTEVfUkVGUkVTSF9UT0tFTiJdLCJ1c2VySWQiOjg5MiwianRpIjoiMzI1ZTdhMWEtZTJmOS00ZjNlLTgxMTQtMTkyMjU0YmY2OTIxIiwiaWF0IjoxNjY5OTQ0NDg2LCJleHAiOjE2NzAwMzA4ODZ9.Xc1jOA-7TvdW4k8hkpW5pychH2i6dkOZrETR6SpBJYfw120OwM0zFvlZ3cB14RNSz9nzoeQOpLXKj2JgM5l3BA',892),('3303ad8a-136e-433f-9af9-c17985d88248',1665628993,1665628993,1665715393,1,1665628993,'eyJhbGciOiJIUzUxMiJ9.eyJzdWIiOiJkdGRhdDJAY21jZ2xvYmFsLnZuIiwic2NvcGVzIjpbIlJPTEVfUkVGUkVTSF9UT0tFTiJdLCJ1c2VySWQiOjM0MCwianRpIjoiMzMwM2FkOGEtMTM2ZS00MzNmLTlhZjktYzE3OTg1ZDg4MjQ4IiwiaWF0IjoxNjY1NjI4OTkzLCJleHAiOjE2NjU3MTUzOTN9.ZmyvshzW_GK7YvjEz-yU_7WwdMankHrSnZCYeShOMhHmu7WgGBarIh5JR2tFlbHTk7QV2-OwkXLtjXujd8kLyA',340),('39a937de-0431-4471-ba68-6b90e03a2fa8',1667786198,1667786198,1667872598,1,1667786198,'eyJhbGciOiJIUzUxMiJ9.eyJzdWIiOiJodHV5ZW5AY21jZ2xvYmFsLnZuIiwic2NvcGVzIjpbIlJPTEVfUkVGUkVTSF9UT0tFTiJdLCJ1c2VySWQiOjM0MywianRpIjoiMzlhOTM3ZGUtMDQzMS00NDcxLWJhNjgtNmI5MGUwM2EyZmE4IiwiaWF0IjoxNjY3Nzg2MTk4LCJleHAiOjE2Njc4NzI1OTh9.BJb21yVHEZiLjqN83Mr1tzoNKRyL6fWaaKC8mEVmpbocOTf6wRFkXlJlzdbDaqZR7JHUOAgrqIUH0PhbGwwjsA',343),('39d155f6-cfdd-491e-bbf4-3dec88717bbc',1671501733,1671501733,1671588133,1,1671501733,'eyJhbGciOiJIUzUxMiJ9.eyJzdWIiOiJhZG1pbmdsb2JhbEBnbWFpbC5jb20iLCJzY29wZXMiOlsiUk9MRV9SRUZSRVNIX1RPS0VOIl0sInVzZXJJZCI6MSwianRpIjoiMzlkMTU1ZjYtY2ZkZC00OTFlLWJiZjQtM2RlYzg4NzE3YmJjIiwiaWF0IjoxNjcxNTAxNzMzLCJleHAiOjE2NzE1ODgxMzN9.cHJbgO40VySsfvsug0JcpqHRzw6Z7sELlExbsmGj2VSmoM38NGiZMkndlOkxvcqNEtWnqxVj9XflBV5mZVeSGg',1),('3e9030d5-de20-421a-86fd-c143e2be6f81',1657071916,1657071916,1657158316,1,1657071916,'eyJhbGciOiJIUzUxMiJ9.eyJzdWIiOiJhZG1pbkdsb2JhbEBnbWFpbC5jb20iLCJzY29wZXMiOlsiUk9MRV9SRUZSRVNIX1RPS0VOIl0sInVzZXJJZCI6MSwianRpIjoiM2U5MDMwZDUtZGUyMC00MjFhLTg2ZmQtYzE0M2UyYmU2ZjgxIiwiaWF0IjoxNjU3MDcxOTE2LCJleHAiOjE2NTcxNTgzMTZ9.-i3SadCA7qdF2a7j7qDgDw2L8C_TTkEXXRGtHhlaBfs1IFc-JScKj5UVNpvihWuAXHW9rFvKG3hWCLIoUd2ekA',1),('3ec0fec7-fb1c-4ea1-80d7-665782fb355a',1672019056,1672019056,1672105456,0,1672019056,'eyJhbGciOiJIUzUxMiJ9.eyJzdWIiOiJsaGxvbmdAY21jZ2xvYmFsLnZuIiwic2NvcGVzIjpbIlJPTEVfUkVGUkVTSF9UT0tFTiJdLCJ1c2VySWQiOjg5MiwianRpIjoiM2VjMGZlYzctZmIxYy00ZWExLTgwZDctNjY1NzgyZmIzNTVhIiwiaWF0IjoxNjcyMDE5MDU2LCJleHAiOjE2NzIxMDU0NTZ9.zxS-tnqZYR8w7w8cPjsdm3WKraRMCtFyTtcIYVdoCLjOZ_9KscVeWiNQqEIgjL-8QeYYSc1CsfLdclRT3rQaoQ',892),('3f66dbfc-c917-4a4c-9a44-30dcb69429af',1653466282,1653466282,1653552682,1,1653466282,'eyJhbGciOiJIUzUxMiJ9.eyJzdWIiOiJkdGRhdDJAY21jZ2xvYmFsLnZuIiwic2NvcGVzIjpbIlJPTEVfUkVGUkVTSF9UT0tFTiJdLCJ1c2VySWQiOjM0MCwianRpIjoiM2Y2NmRiZmMtYzkxNy00YTRjLTlhNDQtMzBkY2I2OTQyOWFmIiwiaWF0IjoxNjUzNDY2MjgyLCJleHAiOjE2NTM1NTI2ODJ9.QshoyCaQ3kBjE1ktrJv73KMcTobt2Ekdd_eH4BOzJ3krwrZHEen6ulNnTWzq_VyDlQqUwTS9h1XcDnk01Y5hWg',340),('3f97b495-a89a-4111-af00-47f602f70aa9',1669965961,1669965961,1670052361,1,1669965961,'eyJhbGciOiJIUzUxMiJ9.eyJzdWIiOiJ0bW5oYXRAY21jZ2xvYmFsLnZuIiwic2NvcGVzIjpbIlJPTEVfUkVGUkVTSF9UT0tFTiJdLCJ1c2VySWQiOjg5MCwianRpIjoiM2Y5N2I0OTUtYTg5YS00MTExLWFmMDAtNDdmNjAyZjcwYWE5IiwiaWF0IjoxNjY5OTY1OTYxLCJleHAiOjE2NzAwNTIzNjF9.RB_Xq1YTrYoppkH7tP38HYbEXAiflCxSFiCFvxJhnTfTrIt4cvP15iqmTB7YmLKTcHy8zOOnpL99a478yurKow',890),('3fb9ade1-a597-4907-914a-3e53392d45d6',1670569504,1670569504,1670655904,1,1670569504,'eyJhbGciOiJIUzUxMiJ9.eyJzdWIiOiJkdGRhdDJAY21jZ2xvYmFsLnZuIiwic2NvcGVzIjpbIlJPTEVfUkVGUkVTSF9UT0tFTiJdLCJ1c2VySWQiOjM0MCwianRpIjoiM2ZiOWFkZTEtYTU5Ny00OTA3LTkxNGEtM2U1MzM5MmQ0NWQ2IiwiaWF0IjoxNjcwNTY5NTA0LCJleHAiOjE2NzA2NTU5MDR9.TyvA-DUN5HQGvv93jRZOnJwPiMNqHpt1sK2gSCdqeeFeYj-iNgjWIpaC-sg-r8z9O0OolqUkgHjnCteRsBVetg',340),('4082247e-089d-48ab-8b69-3fde5f81a362',1671416996,1671416996,1671503396,1,1671416996,'eyJhbGciOiJIUzUxMiJ9.eyJzdWIiOiJ2dm5naGlhQGNtY2dsb2JhbC52biIsInNjb3BlcyI6WyJST0xFX1JFRlJFU0hfVE9LRU4iXSwidXNlcklkIjo5NzgsImp0aSI6IjQwODIyNDdlLTA4OWQtNDhhYi04YjY5LTNmZGU1ZjgxYTM2MiIsImlhdCI6MTY3MTQxNjk5NiwiZXhwIjoxNjcxNTAzMzk2fQ.Lies6gQFQK7_Jp1GvRv1AVtRLtYqU_zxY8dCzzo4Kb5gKZrSwUX-_teddaLZvy3Wal9QUdAKaFD14DqEqLqj_Q',978),('4215c714-ae61-483d-b08e-54f18eb38036',1667805976,1667805976,1667892376,1,1667805976,'eyJhbGciOiJIUzUxMiJ9.eyJzdWIiOiJkdGRhdDJAY21jZ2xvYmFsLnZuIiwic2NvcGVzIjpbIlJPTEVfUkVGUkVTSF9UT0tFTiJdLCJ1c2VySWQiOjM0MCwianRpIjoiNDIxNWM3MTQtYWU2MS00ODNkLWIwOGUtNTRmMThlYjM4MDM2IiwiaWF0IjoxNjY3ODA1OTc2LCJleHAiOjE2Njc4OTIzNzZ9.uaCvRWAdDQBcutbLZWXgqz1Wf6Xh37UE9aBTDQRKM-OT3L5Cyachyv0Eaes1CrD9R8R50XriykIHvlqKgHJ2-A',340),('42ab0536-0a86-47a6-a94c-6997d336497a',1671413677,1671413677,1671500077,1,1671413677,'eyJhbGciOiJIUzUxMiJ9.eyJzdWIiOiJhZG1pbmdsb2JhbEBnbWFpbC5jb20iLCJzY29wZXMiOlsiUk9MRV9SRUZSRVNIX1RPS0VOIl0sInVzZXJJZCI6MSwianRpIjoiNDJhYjA1MzYtMGE4Ni00N2E2LWE5NGMtNjk5N2QzMzY0OTdhIiwiaWF0IjoxNjcxNDEzNjc3LCJleHAiOjE2NzE1MDAwNzd9.q2xxEF8YtDF2T2kHeSZa_1JAVmHesyIqVLg_P9IfjUPiL4mAfNilPUZha3vGHIAvlI1cPlvo8T0HNrxVYISPYQ',1),('4401f63d-0cd6-4f1e-9f21-b5aa826f14f0',1670811313,1670811313,1670897713,1,1670811313,'eyJhbGciOiJIUzUxMiJ9.eyJzdWIiOiJkdGRhdDJAY21jZ2xvYmFsLnZuIiwic2NvcGVzIjpbIlJPTEVfUkVGUkVTSF9UT0tFTiJdLCJ1c2VySWQiOjM0MCwianRpIjoiNDQwMWY2M2QtMGNkNi00ZjFlLTlmMjEtYjVhYTgyNmYxNGYwIiwiaWF0IjoxNjcwODExMzEzLCJleHAiOjE2NzA4OTc3MTN9.pMUS5eN7vOb21jU8PjbV8MoqlPFu4xYpfi7rFEHdfZZuPWQkvhNlUC5lexa58ODqTDszyAYupQaOVOEhvPHWPg',340),('44f1480a-4a38-4069-98c5-fe9e1145b029',1663838535,1663838535,1663924935,1,1663838535,'eyJhbGciOiJIUzUxMiJ9.eyJzdWIiOiJhZG1pbmdsb2JhbEBnbWFpbC5jb20iLCJzY29wZXMiOlsiUk9MRV9SRUZSRVNIX1RPS0VOIl0sInVzZXJJZCI6MSwianRpIjoiNDRmMTQ4MGEtNGEzOC00MDY5LTk4YzUtZmU5ZTExNDViMDI5IiwiaWF0IjoxNjYzODM4NTM1LCJleHAiOjE2NjM5MjQ5MzV9.DFr78ft4kdzP-_f98RyBwWuOCieLMvmtkxXXO04VUYg5FqjM9Kt4Wi_yfgyH5tgg81UnXxeq4HkeMU7Tex7enQ',1),('488372a9-0a6d-4980-922c-ea110032b430',1667960436,1667960436,1668046836,1,1667960436,'eyJhbGciOiJIUzUxMiJ9.eyJzdWIiOiJkdGRhdDJAY21jZ2xvYmFsLnZuIiwic2NvcGVzIjpbIlJPTEVfUkVGUkVTSF9UT0tFTiJdLCJ1c2VySWQiOjM0MCwianRpIjoiNDg4MzcyYTktMGE2ZC00OTgwLTkyMmMtZWExMTAwMzJiNDMwIiwiaWF0IjoxNjY3OTYwNDM2LCJleHAiOjE2NjgwNDY4MzZ9.4i7SZpV1hxY5ttbbDnad5pNrEgWW6L3VZLDRHtPUoKesWmvf-LcYR8sh22x-YLjBwcVisxcr0g-dpOD9Y8t0Lg',340),('4bd70f98-822d-46c0-a795-84e03d99af74',1665041269,1665041269,1665127669,1,1665041269,'eyJhbGciOiJIUzUxMiJ9.eyJzdWIiOiJodHV5ZW5AY21jZ2xvYmFsLnZuIiwic2NvcGVzIjpbIlJPTEVfUkVGUkVTSF9UT0tFTiJdLCJ1c2VySWQiOjM0MywianRpIjoiNGJkNzBmOTgtODIyZC00NmMwLWE3OTUtODRlMDNkOTlhZjc0IiwiaWF0IjoxNjY1MDQxMjY5LCJleHAiOjE2NjUxMjc2Njl9.OwtEg8_ka7Ta_8ScZBggP6DD2TE7na1EjI78LKfByouEnP5LcqPqS7qIuGIchCVkzd9ef_YQAAB9zUQHf6jslw',343),('4da95532-0631-4c49-876e-918124abd7a1',1667449456,1667449456,1667535856,1,1667449456,'eyJhbGciOiJIUzUxMiJ9.eyJzdWIiOiJhZG1pbmdsb2JhbEBnbWFpbC5jb20iLCJzY29wZXMiOlsiUk9MRV9SRUZSRVNIX1RPS0VOIl0sInVzZXJJZCI6MSwianRpIjoiNGRhOTU1MzItMDYzMS00YzQ5LTg3NmUtOTE4MTI0YWJkN2ExIiwiaWF0IjoxNjY3NDQ5NDU2LCJleHAiOjE2Njc1MzU4NTZ9.kokYcYBSfV1ud8Ae_KlaRhdxk2A8lhBITOFhtquvrgC-N48uQ3eCpVao5JrZH2SEXAAboCI6ym86zc1jkv0VQQ',1),('4e742ccf-3c0a-40d2-9d0b-40f251091e75',1661761973,1661761973,1661848373,1,1661761973,'eyJhbGciOiJIUzUxMiJ9.eyJzdWIiOiJodHV5ZW5AY21jZ2xvYmFsLnZuIiwic2NvcGVzIjpbIlJPTEVfUkVGUkVTSF9UT0tFTiJdLCJ1c2VySWQiOjM0MywianRpIjoiNGU3NDJjY2YtM2MwYS00MGQyLTlkMGItNDBmMjUxMDkxZTc1IiwiaWF0IjoxNjYxNzYxOTczLCJleHAiOjE2NjE4NDgzNzN9.zK4GsPTCuPZl-8ecO3YurosnTIk9ZDitqwHLqPj9sHKO41L6yZiK8AEzGykb5uthvyTg5Ri5G9gGyw53A8o-eg',343),('4f75a186-d587-4968-b649-26b8d160d6b5',1666695972,1666695972,1666782372,1,1666695972,'eyJhbGciOiJIUzUxMiJ9.eyJzdWIiOiJhZG1pbmdsb2JhbEBnbWFpbC5jb20iLCJzY29wZXMiOlsiUk9MRV9SRUZSRVNIX1RPS0VOIl0sInVzZXJJZCI6MSwianRpIjoiNGY3NWExODYtZDU4Ny00OTY4LWI2NDktMjZiOGQxNjBkNmI1IiwiaWF0IjoxNjY2Njk1OTcyLCJleHAiOjE2NjY3ODIzNzJ9.WiU9O__dTm3CkQVZrM3xuVRCL4rUZnym5yI1JEepui_DCDQ3Zf678U2VU10SotHBJ49hGztX7Nm7rtYMUD4Srg',1),('50eddf3d-5d04-4072-a2c9-2cb466753284',1660280359,1660280359,1660366758,1,1660280358,'eyJhbGciOiJIUzUxMiJ9.eyJzdWIiOiJkdGRhdDJAY21jZ2xvYmFsLnZuIiwic2NvcGVzIjpbIlJPTEVfUkVGUkVTSF9UT0tFTiJdLCJ1c2VySWQiOjM0MCwianRpIjoiNTBlZGRmM2QtNWQwNC00MDcyLWEyYzktMmNiNDY2NzUzMjg0IiwiaWF0IjoxNjYwMjgwMzU4LCJleHAiOjE2NjAzNjY3NTh9.dd_bIlF-oRn49ObN84YGrbcZes3Vv3MKQVoAdDD1ppkHh6PAOiwKeNmLiZjmqJgWa2xvjOKh3I_3nvrQ03vmEw',340),('52f12c1d-3dff-40c0-a1c9-6b9b2d5b8251',1672213901,1672213901,1672300301,0,1672213901,'eyJhbGciOiJIUzUxMiJ9.eyJzdWIiOiJ0bW5oYXRAY21jZ2xvYmFsLnZuIiwic2NvcGVzIjpbIlJPTEVfUkVGUkVTSF9UT0tFTiJdLCJ1c2VySWQiOjg5MCwianRpIjoiNTJmMTJjMWQtM2RmZi00MGMwLWExYzktNmI5YjJkNWI4MjUxIiwiaWF0IjoxNjcyMjEzOTAxLCJleHAiOjE2NzIzMDAzMDF9.j6FHx1sFbgFw2h3UOMdhL4C-7H8N11WXl2RSX8PZgvA-oA5hujTG9lECUhxno8LUKEDS77jGedaPTRMCg6P1uQ',890),('55552fd6-bb2c-49d6-aabe-6a6804d550bd',1669346363,1669346363,1669432763,1,1669346363,'eyJhbGciOiJIUzUxMiJ9.eyJzdWIiOiJsaGxvbmdAY21jZ2xvYmFsLnZuIiwic2NvcGVzIjpbIlJPTEVfUkVGUkVTSF9UT0tFTiJdLCJ1c2VySWQiOjg5MiwianRpIjoiNTU1NTJmZDYtYmIyYy00OWQ2LWFhYmUtNmE2ODA0ZDU1MGJkIiwiaWF0IjoxNjY5MzQ2MzYzLCJleHAiOjE2Njk0MzI3NjN9.ESSJq9ks2WFfYFV7y2-g-_0Jf9E2xLKjTKkQK5mNFnqP8lgTbrVY39y8nkravW0PFgooYJZN4QWubjI42wTOxQ',892),('599f6b83-ae6f-471e-b01d-e7e308a58737',1663214355,1663214355,1663300755,1,1663214355,'eyJhbGciOiJIUzUxMiJ9.eyJzdWIiOiJhZG1pbkdsb2JhbEBnbWFpbC5jb20iLCJzY29wZXMiOlsiUk9MRV9SRUZSRVNIX1RPS0VOIl0sInVzZXJJZCI6MSwianRpIjoiNTk5ZjZiODMtYWU2Zi00NzFlLWIwMWQtZTdlMzA4YTU4NzM3IiwiaWF0IjoxNjYzMjE0MzU1LCJleHAiOjE2NjMzMDA3NTV9.ZU6ep4AmyEtnanNQKUyboK71F72yhpVF6HO2-zKc1fDIG8L8Dx3yiMSN6sn8mYQ2HHg1TemgThxIkE2OfDuttQ',1),('5ba67795-335f-4c24-89cc-75da59b490d9',1663143953,1663143953,1663230353,1,1663143953,'eyJhbGciOiJIUzUxMiJ9.eyJzdWIiOiJodHV5ZW5AY21jZ2xvYmFsLnZuIiwic2NvcGVzIjpbIlJPTEVfUkVGUkVTSF9UT0tFTiJdLCJ1c2VySWQiOjM0MywianRpIjoiNWJhNjc3OTUtMzM1Zi00YzI0LTg5Y2MtNzVkYTU5YjQ5MGQ5IiwiaWF0IjoxNjYzMTQzOTUzLCJleHAiOjE2NjMyMzAzNTN9.M0zg61L4n5BTOpin0Ng-kcZ--VVJ3fKtWqFKfjee6XIBX45LQgJNB_qwT3fCzN1grqkfp9BRhJ21Lf8LNlJf5A',343),('5c493af7-90dc-4525-ad54-f7baf26f2536',1665567637,1665567637,1665654037,1,1665567637,'eyJhbGciOiJIUzUxMiJ9.eyJzdWIiOiJhZG1pbmdsb2JhbEBnbWFpbC5jb20iLCJzY29wZXMiOlsiUk9MRV9SRUZSRVNIX1RPS0VOIl0sInVzZXJJZCI6MSwianRpIjoiNWM0OTNhZjctOTBkYy00NTI1LWFkNTQtZjdiYWYyNmYyNTM2IiwiaWF0IjoxNjY1NTY3NjM3LCJleHAiOjE2NjU2NTQwMzd9.Wc4S9n5uNykDav6xwLHSzjg6sepkeWv--P59cEQNMbxE9Mj-4bfyPKxB0zWyDOJwrm7ybreKu4HQdyilUjQxVg',1),('5d453bf3-8507-4365-885f-63c9be4be05c',1671759560,1671759560,1671845960,1,1671759560,'eyJhbGciOiJIUzUxMiJ9.eyJzdWIiOiJodHV5ZW5AY21jZ2xvYmFsLnZuIiwic2NvcGVzIjpbIlJPTEVfUkVGUkVTSF9UT0tFTiJdLCJ1c2VySWQiOjM0MywianRpIjoiNWQ0NTNiZjMtODUwNy00MzY1LTg4NWYtNjNjOWJlNGJlMDVjIiwiaWF0IjoxNjcxNzU5NTYwLCJleHAiOjE2NzE4NDU5NjB9.kEazr7VAhweZyPEua5ce_zl1csROXuxWm7Q3Rbg5a5TQCpBsxm1WQYlDCJyQ5IJ_TUw87sstMuFVeJ1ACvRWRw',343),('5e161225-ab4e-45bb-895e-15e5b42ddb00',1664183159,1664183159,1664269559,1,1664183159,'eyJhbGciOiJIUzUxMiJ9.eyJzdWIiOiJodHV5ZW5AY21jZ2xvYmFsLnZuIiwic2NvcGVzIjpbIlJPTEVfUkVGUkVTSF9UT0tFTiJdLCJ1c2VySWQiOjM0MywianRpIjoiNWUxNjEyMjUtYWI0ZS00NWJiLTg5NWUtMTVlNWI0MmRkYjAwIiwiaWF0IjoxNjY0MTgzMTU5LCJleHAiOjE2NjQyNjk1NTl9.qWGsVXvRRRKpLHLNnyoLUh3jTL6dNPHEjzsPUdhXr6wHF1pbSqfnthoVl0Qz5ZLOV44SzXxeO56T1Asjc_gbrA',343),('5e44661b-54fc-4c6e-b5e0-d09a9e96d799',1670297235,1670297235,1670383635,0,1670297235,'eyJhbGciOiJIUzUxMiJ9.eyJzdWIiOiJ2ZGx1YW5AY21jZ2xvYmFsLnZuIiwic2NvcGVzIjpbIlJPTEVfUkVGUkVTSF9UT0tFTiJdLCJ1c2VySWQiOjk4MywianRpIjoiNWU0NDY2MWItNTRmYy00YzZlLWI1ZTAtZDA5YTllOTZkNzk5IiwiaWF0IjoxNjcwMjk3MjM1LCJleHAiOjE2NzAzODM2MzV9.G2qjrrzWEuiruHPnCB7A1BDj_0_94r2P8ufsTu92ZCOT_JGjSOLm-wyLj-BYbm1JfK3bDkbnDLcxXVa_HntGCQ',983),('5ed0f832-282b-4a16-bb23-d10a9f3cb949',1664170793,1664170793,1664257193,1,1664170793,'eyJhbGciOiJIUzUxMiJ9.eyJzdWIiOiJ0bW5oYXRAY21jZ2xvYmFsLnZuIiwic2NvcGVzIjpbIlJPTEVfUkVGUkVTSF9UT0tFTiJdLCJ1c2VySWQiOjg5MCwianRpIjoiNWVkMGY4MzItMjgyYi00YTE2LWJiMjMtZDEwYTlmM2NiOTQ5IiwiaWF0IjoxNjY0MTcwNzkzLCJleHAiOjE2NjQyNTcxOTN9.H68NLM1XjXAxPuZZNb7d2vU7G-uf1f0bpA6iAJcl0jFJI2BLcTaoQmsbYd0PEBa8zmv9s58IyKmKxLIAC-mSdg',890),('5f85cffb-d209-420a-a7d1-c50f5cb9de70',1663651098,1663651098,1663737498,1,1663651098,'eyJhbGciOiJIUzUxMiJ9.eyJzdWIiOiJhZG1pbmdsb2JhbEBnbWFpbC5jb20iLCJzY29wZXMiOlsiUk9MRV9SRUZSRVNIX1RPS0VOIl0sInVzZXJJZCI6MSwianRpIjoiNWY4NWNmZmItZDIwOS00MjBhLWE3ZDEtYzUwZjVjYjlkZTcwIiwiaWF0IjoxNjYzNjUxMDk4LCJleHAiOjE2NjM3Mzc0OTh9.L2D2nRBrya8DiLcC6zZm9wRwyegvig8GNDE2juqfXbfDn35h8SmjGq5abtbUxMkewnfh3Xs1lkOTlHd_48emHg',1),('6093acfa-6e42-421a-a170-c51fd1ae0fc4',1664176297,1664176297,1664262697,0,1664176297,'eyJhbGciOiJIUzUxMiJ9.eyJzdWIiOiJiZTMwMzgwQGdtYWlsLmNvbSIsInNjb3BlcyI6WyJST0xFX1JFRlJFU0hfVE9LRU4iXSwidXNlcklkIjo4OTQsImp0aSI6IjYwOTNhY2ZhLTZlNDItNDIxYS1hMTcwLWM1MWZkMWFlMGZjNCIsImlhdCI6MTY2NDE3NjI5NywiZXhwIjoxNjY0MjYyNjk3fQ.7vnrjj8WReNjcLSseqWDANFVPtADyCOPRKUccXOHIIYYyflBor4lLU9CACQ7DnW5v2HaYTMDXEkv4jby_X00NQ',894),('6325fb71-d634-45ec-a986-518685a7fc2b',1670468326,1670468326,1670554726,1,1670468326,'eyJhbGciOiJIUzUxMiJ9.eyJzdWIiOiJhZG1pbmdsb2JhbEBnbWFpbC5jb20iLCJzY29wZXMiOlsiUk9MRV9SRUZSRVNIX1RPS0VOIl0sInVzZXJJZCI6MSwianRpIjoiNjMyNWZiNzEtZDYzNC00NWVjLWE5ODYtNTE4Njg1YTdmYzJiIiwiaWF0IjoxNjcwNDY4MzI2LCJleHAiOjE2NzA1NTQ3MjZ9.mZ-le_hqlyDOhOOy2HlSvPlZKV883PP2KSrU3nrAnjQ6XdNuyUbuALfGpU8lm4rJD6AKrYI9Wjr1hzL0hED-pg',1),('63596cf4-c3a3-413f-9269-1b2fd5bbb8a8',1666752156,1666752156,1666838555,1,1666752155,'eyJhbGciOiJIUzUxMiJ9.eyJzdWIiOiJodHV5ZW5AY21jZ2xvYmFsLnZuIiwic2NvcGVzIjpbIlJPTEVfUkVGUkVTSF9UT0tFTiJdLCJ1c2VySWQiOjM0MywianRpIjoiNjM1OTZjZjQtYzNhMy00MTNmLTkyNjktMWIyZmQ1YmJiOGE4IiwiaWF0IjoxNjY2NzUyMTU1LCJleHAiOjE2NjY4Mzg1NTV9.vgs6nhQOAtoZeAk1WnYHRYoELtpe2QLRi4rAwczR7NnrqR5O_vl9Y1qPMJVgAev3WkCOmpRARUt3nogbP8iYPg',343),('6736a9c8-7206-4e87-8c5a-6ffc97b34199',1670558823,1670558823,1670645223,1,1670558823,'eyJhbGciOiJIUzUxMiJ9.eyJzdWIiOiJodW9uZ25ndXllbnRoaTc4OTdAZ21haWwuY29tIiwic2NvcGVzIjpbIlJPTEVfUkVGUkVTSF9UT0tFTiJdLCJ1c2VySWQiOjk4NiwianRpIjoiNjczNmE5YzgtNzIwNi00ZTg3LThjNWEtNmZmYzk3YjM0MTk5IiwiaWF0IjoxNjcwNTU4ODIzLCJleHAiOjE2NzA2NDUyMjN9.SSgZXwuS5moozN8h-wuYG1pwRqi9ehQbRrTvmsWDamHWVHgvBdPmNmmiExWbuDJqBeRHjpFdtmd_sMsiRWEHPw',986),('6838c8b8-cb32-469d-b3f8-e57b9e2a03ab',1672211307,1672211307,1672297707,0,1672211307,'eyJhbGciOiJIUzUxMiJ9.eyJzdWIiOiJodHV5ZW5AY21jZ2xvYmFsLnZuIiwic2NvcGVzIjpbIlJPTEVfUkVGUkVTSF9UT0tFTiJdLCJ1c2VySWQiOjM0MywianRpIjoiNjgzOGM4YjgtY2IzMi00NjlkLWIzZjgtZTU3YjllMmEwM2FiIiwiaWF0IjoxNjcyMjExMzA3LCJleHAiOjE2NzIyOTc3MDd9.bivDuUBhVd152fQih8pedjlfJF1o7DfKbOYbBCMLoMk-HmjKWGUjBDk6jrh_YjAFgZHnMf6bjZ7-GOshWGWCdw',343),('689881ed-f7f9-492f-9393-aba7a23148c9',1663235624,1663235624,1663322024,1,1663235624,'eyJhbGciOiJIUzUxMiJ9.eyJzdWIiOiJodHV5ZW5AY21jZ2xvYmFsLnZuIiwic2NvcGVzIjpbIlJPTEVfUkVGUkVTSF9UT0tFTiJdLCJ1c2VySWQiOjM0MywianRpIjoiNjg5ODgxZWQtZjdmOS00OTJmLTkzOTMtYWJhN2EyMzE0OGM5IiwiaWF0IjoxNjYzMjM1NjI0LCJleHAiOjE2NjMzMjIwMjR9.PKzkYCTaApyyjQ_GTgEGpTLqKk8R51YRxZzPpcllrckEcWEl5HKlYvQbXKb0fpX69wDIydvLmQ8bdRqrG_z3CA',343),('69c5051b-cab3-4719-9503-2e47c2bd15d6',1662956103,1662956103,1663042503,1,1662956103,'eyJhbGciOiJIUzUxMiJ9.eyJzdWIiOiJkdGRhdDJAY21jZ2xvYmFsLnZuIiwic2NvcGVzIjpbIlJPTEVfUkVGUkVTSF9UT0tFTiJdLCJ1c2VySWQiOjM0MCwianRpIjoiNjljNTA1MWItY2FiMy00NzE5LTk1MDMtMmU0N2MyYmQxNWQ2IiwiaWF0IjoxNjYyOTU2MTAzLCJleHAiOjE2NjMwNDI1MDN9.uDQtnJ9dEPpwoGdYWNw4LY4xOH5bf077cHuhk_ZEQZjmtePIMfrqOgBgBFPhgueybwNrF8UhTj6EsvhT6DLK3g',340),('6a0b8c3a-c046-4375-9ab8-ed7d07f28e75',1663124354,1663124354,1663210754,1,1663124354,'eyJhbGciOiJIUzUxMiJ9.eyJzdWIiOiJhZG1pbkdsb2JhbEBnbWFpbC5jb20iLCJzY29wZXMiOlsiUk9MRV9SRUZSRVNIX1RPS0VOIl0sInVzZXJJZCI6MSwianRpIjoiNmEwYjhjM2EtYzA0Ni00Mzc1LTlhYjgtZWQ3ZDA3ZjI4ZTc1IiwiaWF0IjoxNjYzMTI0MzU0LCJleHAiOjE2NjMyMTA3NTR9.4XsGMMhDpGdXY0SQFTdChSRFdDFvLC18SR204uF5oKoFG_GgU1PMLBDuWPglFmPiAk33RQOKDi_MG2N8mfQ2zw',1),('6ac8bb66-20b0-4bca-bae5-0d3e3d258835',1662348556,1662348556,1662434956,1,1662348556,'eyJhbGciOiJIUzUxMiJ9.eyJzdWIiOiJkdGRhdDJAY21jZ2xvYmFsLnZuIiwic2NvcGVzIjpbIlJPTEVfUkVGUkVTSF9UT0tFTiJdLCJ1c2VySWQiOjM0MCwianRpIjoiNmFjOGJiNjYtMjBiMC00YmNhLWJhZTUtMGQzZTNkMjU4ODM1IiwiaWF0IjoxNjYyMzQ4NTU2LCJleHAiOjE2NjI0MzQ5NTZ9.qE-GrQHJK38Y0Iy65oGWeH4COOeixgfA_79pRTDffRUsxOVXfnZHbuJuf9g5ne0XhOMSpi80EAYI80r3clD-FQ',340),('6e08948c-ea3c-4c62-bf6e-94bcb7ea40d2',1669810882,1669810882,1669897282,1,1669810882,'eyJhbGciOiJIUzUxMiJ9.eyJzdWIiOiJsaGxvbmdAY21jZ2xvYmFsLnZuIiwic2NvcGVzIjpbIlJPTEVfUkVGUkVTSF9UT0tFTiJdLCJ1c2VySWQiOjg5MiwianRpIjoiNmUwODk0OGMtZWEzYy00YzYyLWJmNmUtOTRiY2I3ZWE0MGQyIiwiaWF0IjoxNjY5ODEwODgyLCJleHAiOjE2Njk4OTcyODJ9.ZktuvrsCnrvyKTVjddu6aNwLf0l_AGlBcJp1gK6dabh_uc59IVGiqXVWRI8joKHGxZr2YHjRbBtUWXcDXf3flA',892),('6ecf1aea-2784-45dd-b995-a9cdbbe241e3',1655106206,1655106206,1655192606,1,1655106206,'eyJhbGciOiJIUzUxMiJ9.eyJzdWIiOiJkdGRhdDJAY21jZ2xvYmFsLnZuIiwic2NvcGVzIjpbIlJPTEVfUkVGUkVTSF9UT0tFTiJdLCJ1c2VySWQiOjM0MCwianRpIjoiNmVjZjFhZWEtMjc4NC00NWRkLWI5OTUtYTljZGJiZTI0MWUzIiwiaWF0IjoxNjU1MTA2MjA2LCJleHAiOjE2NTUxOTI2MDZ9.HV1_78VtT5uOjE8hqUGGFIVaV39USKfyjDst-PKobs_wMDxDD3AxboxzwEGeAIsmxw0z9o3wtMGzJ6RoDIAJ3w',340),('6f0b1aa0-b1d2-47e3-95a6-e82a2a58a1f1',1663920135,1663920135,1664006535,1,1663920135,'eyJhbGciOiJIUzUxMiJ9.eyJzdWIiOiJkdGRhdDJAY21jZ2xvYmFsLnZuIiwic2NvcGVzIjpbIlJPTEVfUkVGUkVTSF9UT0tFTiJdLCJ1c2VySWQiOjM0MCwianRpIjoiNmYwYjFhYTAtYjFkMi00N2UzLTk1YTYtZTgyYTJhNThhMWYxIiwiaWF0IjoxNjYzOTIwMTM1LCJleHAiOjE2NjQwMDY1MzV9.q36TnWdfSiQ727krXkTSJTNsdd8cp_CaqFz3V1tmWVkpJhsV2m-6IlvHFayaSJAPeBeDogo-AcEg8ru09O8ECA',340),('6f1e5734-0170-4b99-93fa-c5bffe91a71e',1670489538,1670489538,1670575938,1,1670489538,'eyJhbGciOiJIUzUxMiJ9.eyJzdWIiOiJodHV5ZW5AY21jZ2xvYmFsLnZuIiwic2NvcGVzIjpbIlJPTEVfUkVGUkVTSF9UT0tFTiJdLCJ1c2VySWQiOjM0MywianRpIjoiNmYxZTU3MzQtMDE3MC00Yjk5LTkzZmEtYzViZmZlOTFhNzFlIiwiaWF0IjoxNjcwNDg5NTM4LCJleHAiOjE2NzA1NzU5Mzh9.8qN6kJ2jzH2WDl3-JkW7gxMBt7Qt53ZjrQqhtotfJtJK6qyr6u4iClMmV6o2MzWAVXDDUT_iWECHA9jHh2wFHQ',343),('7070a672-6d20-4da3-92e5-101f56a8990b',1671413999,1671413999,1671500399,1,1671413999,'eyJhbGciOiJIUzUxMiJ9.eyJzdWIiOiJodHV5ZW5AY21jZ2xvYmFsLnZuIiwic2NvcGVzIjpbIlJPTEVfUkVGUkVTSF9UT0tFTiJdLCJ1c2VySWQiOjM0MywianRpIjoiNzA3MGE2NzItNmQyMC00ZGEzLTkyZTUtMTAxZjU2YTg5OTBiIiwiaWF0IjoxNjcxNDEzOTk5LCJleHAiOjE2NzE1MDAzOTl9.f1ao3z31J7G216sbuxGNwVYjEgEoGhaTk5Qhvhb0iS1WHQOveP0uSJ8V980kFo1q1403Sn6EttVmv37tpBswVA',343),('70fdb29e-9f1c-42e6-9f91-fa124b23322b',1664179622,1664179622,1664266022,0,1664179622,'eyJhbGciOiJIUzUxMiJ9.eyJzdWIiOiJ0cWh1bmdAY21jZ2xvYmFsLnZuIiwic2NvcGVzIjpbIlJPTEVfUkVGUkVTSF9UT0tFTiJdLCJ1c2VySWQiOjg5NSwianRpIjoiNzBmZGIyOWUtOWYxYy00MmU2LTlmOTEtZmExMjRiMjMzMjJiIiwiaWF0IjoxNjY0MTc5NjIyLCJleHAiOjE2NjQyNjYwMjJ9.qhqWBOfuEJmz0O19ER1TJq9X45OltnYqcbH9ZCHgQqF6LyLOr0qLfreej-W5QHVhEeD3gxQnIdArEIutGHtzvw',895),('72e2cc20-d704-4ff6-a96d-62696cacc3a6',1663138188,1663138188,1663224588,1,1663138188,'eyJhbGciOiJIUzUxMiJ9.eyJzdWIiOiJkdGRhdDJAY21jZ2xvYmFsLnZuIiwic2NvcGVzIjpbIlJPTEVfUkVGUkVTSF9UT0tFTiJdLCJ1c2VySWQiOjM0MCwianRpIjoiNzJlMmNjMjAtZDcwNC00ZmY2LWE5NmQtNjI2OTZjYWNjM2E2IiwiaWF0IjoxNjYzMTM4MTg4LCJleHAiOjE2NjMyMjQ1ODh9.p_rd9CMFM_-emy7tW4mVxkR_p3lWhA0v1sEBWgmXILxKMuichAHj1jN7BejaefLC6UuLz9i7usqNRncmmT0nVw',340),('73a2bdc6-43fc-4c42-b065-d0177b83c1fd',1670569394,1670569394,1670655794,1,1670569394,'eyJhbGciOiJIUzUxMiJ9.eyJzdWIiOiJ2dm5naGlhQGNtY2dsb2JhbC52biIsInNjb3BlcyI6WyJST0xFX1JFRlJFU0hfVE9LRU4iXSwidXNlcklkIjo5NzgsImp0aSI6IjczYTJiZGM2LTQzZmMtNGM0Mi1iMDY1LWQwMTc3YjgzYzFmZCIsImlhdCI6MTY3MDU2OTM5NCwiZXhwIjoxNjcwNjU1Nzk0fQ.bv5nN94YTGXJ15s9WP-buTseoslz3DnFB2lU1o1DWy2QtWd54_1xhIgk1JD9isBB6DdZM4A-k_f8su5Ul3mAEw',978),('743b11c6-0eea-4c21-b142-9f129c0cf236',1656553811,1656553811,1656640211,1,1656553811,'eyJhbGciOiJIUzUxMiJ9.eyJzdWIiOiJhZG1pbkdsb2JhbEBnbWFpbC5jb20iLCJzY29wZXMiOlsiUk9MRV9SRUZSRVNIX1RPS0VOIl0sInVzZXJJZCI6MSwianRpIjoiNzQzYjExYzYtMGVlYS00YzIxLWIxNDItOWYxMjljMGNmMjM2IiwiaWF0IjoxNjU2NTUzODExLCJleHAiOjE2NTY2NDAyMTF9.ETFKuPUtdq72MHYgzAYo3u6KckAYrTuTl4GOxH3_i2awdW-KzhgQRZOV06o74tnQOqck4f4XkMVboWAaPe8VNw',1),('75f096be-e2d8-41ba-809d-4ff9ca66080d',1672018370,1672018370,1672104770,0,1672018370,'eyJhbGciOiJIUzUxMiJ9.eyJzdWIiOiJodW9uZ25ndXllbnRoaTc4OTdAZ21haWwuY29tIiwic2NvcGVzIjpbIlJPTEVfUkVGUkVTSF9UT0tFTiJdLCJ1c2VySWQiOjk4NiwianRpIjoiNzVmMDk2YmUtZTJkOC00MWJhLTgwOWQtNGZmOWNhNjYwODBkIiwiaWF0IjoxNjcyMDE4MzcwLCJleHAiOjE2NzIxMDQ3NzB9.ANCyc7MD-Ukv8DGGYlXIc5OSlkJmySxpU625Up8X-BxEXg_feqQ8ywtLTzeRpC360jUoKOkbuYTzU6iLjGscvg',986),('760c8d53-70f0-43aa-97b3-583db162036a',1670898044,1670898044,1670984444,1,1670898044,'eyJhbGciOiJIUzUxMiJ9.eyJzdWIiOiJodW9uZ25ndXllbnRoaTc4OTdAZ21haWwuY29tIiwic2NvcGVzIjpbIlJPTEVfUkVGUkVTSF9UT0tFTiJdLCJ1c2VySWQiOjk4NiwianRpIjoiNzYwYzhkNTMtNzBmMC00M2FhLTk3YjMtNTgzZGIxNjIwMzZhIiwiaWF0IjoxNjcwODk4MDQ0LCJleHAiOjE2NzA5ODQ0NDR9._gdtIDP7Wq_sQEWJ_AjHQoSW4j0JUxQ2o640WRTbSwyM6TbtigJB3PzYiDOEYCYc2vJ549nRLS6duP9kU6EXbA',986),('7710e194-07f6-4a69-9303-a756460fab92',1664790353,1664790353,1664876753,1,1664790353,'eyJhbGciOiJIUzUxMiJ9.eyJzdWIiOiJhZG1pbmdsb2JhbEBnbWFpbC5jb20iLCJzY29wZXMiOlsiUk9MRV9SRUZSRVNIX1RPS0VOIl0sInVzZXJJZCI6MSwianRpIjoiNzcxMGUxOTQtMDdmNi00YTY5LTkzMDMtYTc1NjQ2MGZhYjkyIiwiaWF0IjoxNjY0NzkwMzUzLCJleHAiOjE2NjQ4NzY3NTN9.rmn0Sh1oGpB-QDnGAyP7MptPSEmsRz6uIBdJc01k0ZFj3Np_KDiMu9mEKHi3PxHsdfe0_cJuhipUYCdpofQFTg',1),('7c683fb8-235e-4ccc-aeb5-0f750db5498d',1656651335,1656651335,1656737735,1,1656651335,'eyJhbGciOiJIUzUxMiJ9.eyJzdWIiOiJhZG1pbkdsb2JhbEBnbWFpbC5jb20iLCJzY29wZXMiOlsiUk9MRV9SRUZSRVNIX1RPS0VOIl0sInVzZXJJZCI6MSwianRpIjoiN2M2ODNmYjgtMjM1ZS00Y2NjLWFlYjUtMGY3NTBkYjU0OThkIiwiaWF0IjoxNjU2NjUxMzM1LCJleHAiOjE2NTY3Mzc3MzV9.AF1pUjBPxGX3eVjND-bmjgOZcLUsi9hVxT41-v0oliyDGS41tGXt1iyz4LCvnph9j6KO3Rtl4x-VmgidIOnDsg',1),('7c93443a-c77e-4a8f-9584-f7bd2a541221',1671675696,1671675696,1671762096,1,1671675696,'eyJhbGciOiJIUzUxMiJ9.eyJzdWIiOiJkdGRhdDJAY21jZ2xvYmFsLnZuIiwic2NvcGVzIjpbIlJPTEVfUkVGUkVTSF9UT0tFTiJdLCJ1c2VySWQiOjM0MCwianRpIjoiN2M5MzQ0M2EtYzc3ZS00YThmLTk1ODQtZjdiZDJhNTQxMjIxIiwiaWF0IjoxNjcxNjc1Njk2LCJleHAiOjE2NzE3NjIwOTZ9.MqHwE4x_76AA0GKmymR-4iBQdS-E6dIMMYmJuT4aOcmDJgRnvJKM5ppbnIlmJzpBTaVlbsrB_xTYxgrPgeeB4Q',340),('7d6b9fdf-aa47-4686-a43d-37d2a1cd447a',1654753369,1654753369,1654839769,1,1654753369,'eyJhbGciOiJIUzUxMiJ9.eyJzdWIiOiJkdGRhdDJAY21jZ2xvYmFsLnZuIiwic2NvcGVzIjpbIlJPTEVfUkVGUkVTSF9UT0tFTiJdLCJ1c2VySWQiOjM0MCwianRpIjoiN2Q2YjlmZGYtYWE0Ny00Njg2LWE0M2QtMzdkMmExY2Q0NDdhIiwiaWF0IjoxNjU0NzUzMzY5LCJleHAiOjE2NTQ4Mzk3Njl9.V_mAvBrWVgN9mK8fhhQVHtdHsAgiULZPY2iS_yOCgSiunQ_gcKkS7d8q7PUZZidQVtLJddJz0LJRj6IKQCeqmA',340),('7e74eb6b-174c-45ab-8498-5f93161dc3b6',1653877305,1653877305,1653963705,1,1653877305,'eyJhbGciOiJIUzUxMiJ9.eyJzdWIiOiJhZG1pbkdsb2JhbEBnbWFpbC5jb20iLCJzY29wZXMiOlsiUk9MRV9SRUZSRVNIX1RPS0VOIl0sInVzZXJJZCI6MSwianRpIjoiN2U3NGViNmItMTc0Yy00NWFiLTg0OTgtNWY5MzE2MWRjM2I2IiwiaWF0IjoxNjUzODc3MzA1LCJleHAiOjE2NTM5NjM3MDV9.m6nUw3axuMyi-BGOGjjmBsG5e2cz70WKyqN_ry62NOBjp8zkC-r-8rs3nkA-jDoZxdm7srN6pSWp6tVq0ZEGqQ',1),('7eb8ab4f-2770-4003-95ae-09dcd710f072',1652410962,1652410962,1652497362,1,1652410962,'eyJhbGciOiJIUzUxMiJ9.eyJzdWIiOiJhZG1pbkdsb2JhbEBnbWFpbC5jb20iLCJzY29wZXMiOlsiUk9MRV9SRUZSRVNIX1RPS0VOIl0sInVzZXJJZCI6MSwianRpIjoiN2ViOGFiNGYtMjc3MC00MDAzLTk1YWUtMDlkY2Q3MTBmMDcyIiwiaWF0IjoxNjUyNDEwOTYyLCJleHAiOjE2NTI0OTczNjJ9.TL86QwP02h34nLuJTuh8QDSg9dRfsONZayyL4OD1dkAJIMz0rePJUbxA878bFk1xaHg2VQx0zjwEMBLVbrVXWQ',1),('821af70a-1e66-404d-8e99-d33129f6be78',1669890364,1669890364,1669976764,1,1669890364,'eyJhbGciOiJIUzUxMiJ9.eyJzdWIiOiJhZG1pbmdsb2JhbEBnbWFpbC5jb20iLCJzY29wZXMiOlsiUk9MRV9SRUZSRVNIX1RPS0VOIl0sInVzZXJJZCI6MSwianRpIjoiODIxYWY3MGEtMWU2Ni00MDRkLThlOTktZDMzMTI5ZjZiZTc4IiwiaWF0IjoxNjY5ODkwMzY0LCJleHAiOjE2Njk5NzY3NjR9._UP-ugHNR24BVlQZDR_F1fT3qQ_kAviU13ggKRmGbLjA2mwGr6E6w4t1e3ObrodEjpaE1ndwowDNDSIQf-oCpg',1),('8361aded-1aa9-4ab8-9562-7d182de483a7',1662350841,1662350841,1662437241,1,1662350841,'eyJhbGciOiJIUzUxMiJ9.eyJzdWIiOiJhZG1pbkdsb2JhbEBnbWFpbC5jb20iLCJzY29wZXMiOlsiUk9MRV9SRUZSRVNIX1RPS0VOIl0sInVzZXJJZCI6MSwianRpIjoiODM2MWFkZWQtMWFhOS00YWI4LTk1NjItN2QxODJkZTQ4M2E3IiwiaWF0IjoxNjYyMzUwODQxLCJleHAiOjE2NjI0MzcyNDF9.henZMuMlG6vlhwh6iyl0P11zi7f25DYPS2jBauUGklqDIgmbdzpWTRvU3z7D3813G8W7UU2k4wSz6u1jnvVecw',1),('849d84b4-9381-4b04-adc0-999adad1d2f5',1669885935,1669885935,1669972335,1,1669885935,'eyJhbGciOiJIUzUxMiJ9.eyJzdWIiOiJkdGRhdDJAY21jZ2xvYmFsLnZuIiwic2NvcGVzIjpbIlJPTEVfUkVGUkVTSF9UT0tFTiJdLCJ1c2VySWQiOjM0MCwianRpIjoiODQ5ZDg0YjQtOTM4MS00YjA0LWFkYzAtOTk5YWRhZDFkMmY1IiwiaWF0IjoxNjY5ODg1OTM1LCJleHAiOjE2Njk5NzIzMzV9.1ocnHWLY3DLgsH3wESxft3qbTYzB9l8u-sr91dj0amjcnT9Id313teLz6f8HrGfnOq2FrXCvys94t6VRm2dtjQ',340),('8749c7b0-15fa-44cb-82c6-beb0521baa77',1669346835,1669346835,1669433235,1,1669346835,'eyJhbGciOiJIUzUxMiJ9.eyJzdWIiOiJodHV5ZW5AY21jZ2xvYmFsLnZuIiwic2NvcGVzIjpbIlJPTEVfUkVGUkVTSF9UT0tFTiJdLCJ1c2VySWQiOjM0MywianRpIjoiODc0OWM3YjAtMTVmYS00NGNiLTgyYzYtYmViMDUyMWJhYTc3IiwiaWF0IjoxNjY5MzQ2ODM1LCJleHAiOjE2Njk0MzMyMzV9.lfxhsdCU-pQZ8z-gxZq9wjNto1u5uorWzIcLyyNZrUWQegRyvV5IHUf5elkppJfIuIjNxOZa0_kCppjvhWRtMw',343),('87ac5350-0084-460a-af47-b8dd95c4161f',1672047798,1672047798,1672134198,0,1672047798,'eyJhbGciOiJIUzUxMiJ9.eyJzdWIiOiJudHRpbmgxQGNtY2dsb2JhbC52biIsInNjb3BlcyI6WyJST0xFX1JFRlJFU0hfVE9LRU4iXSwidXNlcklkIjo5ODIsImp0aSI6Ijg3YWM1MzUwLTAwODQtNDYwYS1hZjQ3LWI4ZGQ5NWM0MTYxZiIsImlhdCI6MTY3MjA0Nzc5OCwiZXhwIjoxNjcyMTM0MTk4fQ.hKZcUwuB6By6iTNroQl-hvHHxY6zzRPpJIy2-_kbFxC4-FR5tOVDCtaLIis0vuacnQfe5V5gU-So7i8qx8XTag',982),('87e3adfd-efca-4598-946f-6a9bbc67eb27',1660726634,1660726634,1660813034,1,1660726634,'eyJhbGciOiJIUzUxMiJ9.eyJzdWIiOiJkdGRhdDJAY21jZ2xvYmFsLnZuIiwic2NvcGVzIjpbIlJPTEVfUkVGUkVTSF9UT0tFTiJdLCJ1c2VySWQiOjM0MCwianRpIjoiODdlM2FkZmQtZWZjYS00NTk4LTk0NmYtNmE5YmJjNjdlYjI3IiwiaWF0IjoxNjYwNzI2NjM0LCJleHAiOjE2NjA4MTMwMzR9._5DOGSJM8FhTahSL5XE-rhaxQQTkshXo-VcIs8lhQqB7zt1PWV-Fdqoysk0dDwSpjkNmD1zGzYfKyoUl_W9blw',340),('87fd7c81-382f-4d6b-aa30-9e35d3ca593e',1668049660,1668049660,1668136060,1,1668049660,'eyJhbGciOiJIUzUxMiJ9.eyJzdWIiOiJkdGRhdDJAY21jZ2xvYmFsLnZuIiwic2NvcGVzIjpbIlJPTEVfUkVGUkVTSF9UT0tFTiJdLCJ1c2VySWQiOjM0MCwianRpIjoiODdmZDdjODEtMzgyZi00ZDZiLWFhMzAtOWUzNWQzY2E1OTNlIiwiaWF0IjoxNjY4MDQ5NjYwLCJleHAiOjE2NjgxMzYwNjB9.bFS9s48nvO-S8E72AlQgHpo53zGR4BdKUEfm32YR-M3SO7jc2SYNhLqZmy8W7nB_ApuRkejg8Ypg6fMvcxB3Ag',340),('8cad26c9-f01d-4f6d-9940-9162619700b2',1651804573,1651804573,1651890973,1,1651804573,'eyJhbGciOiJIUzUxMiJ9.eyJzdWIiOiJhZG1pbkdsb2JhbEBnbWFpbC5jb20iLCJzY29wZXMiOlsiUk9MRV9SRUZSRVNIX1RPS0VOIl0sInVzZXJJZCI6MSwianRpIjoiOGNhZDI2YzktZjAxZC00ZjZkLTk5NDAtOTE2MjYxOTcwMGIyIiwiaWF0IjoxNjUxODA0NTczLCJleHAiOjE2NTE4OTA5NzN9.G5NsdswLj5CjLhg2OyDk3LcFI-fNIzSq2jGnHcAK8XbcFKGCa-B7MebgobhZsMrY7ningadGEaybVjtdm1kjHA',1),('8d52fbeb-115f-4dfd-8590-44067bbc8c65',1667960679,1667960679,1668047079,1,1667960679,'eyJhbGciOiJIUzUxMiJ9.eyJzdWIiOiJhZG1pbmdsb2JhbEBnbWFpbC5jb20iLCJzY29wZXMiOlsiUk9MRV9SRUZSRVNIX1RPS0VOIl0sInVzZXJJZCI6MSwianRpIjoiOGQ1MmZiZWItMTE1Zi00ZGZkLTg1OTAtNDQwNjdiYmM4YzY1IiwiaWF0IjoxNjY3OTYwNjc5LCJleHAiOjE2NjgwNDcwNzl9.M5O45Rcm1YmGOm3tDolIyaapj2sJOXaGupZZhkFYXR6pXk3-9y2qcmEfB0qVtVnbK0xa8ItqAdhhi-EUOEPWTw',1),('8d5be184-3df6-43c9-8397-d1cf619b19d3',1652323959,1652323959,1652410359,1,1652323959,'eyJhbGciOiJIUzUxMiJ9.eyJzdWIiOiJhZG1pbkdsb2JhbEBnbWFpbC5jb20iLCJzY29wZXMiOlsiUk9MRV9SRUZSRVNIX1RPS0VOIl0sInVzZXJJZCI6MSwianRpIjoiOGQ1YmUxODQtM2RmNi00M2M5LTgzOTctZDFjZjYxOWIxOWQzIiwiaWF0IjoxNjUyMzIzOTU5LCJleHAiOjE2NTI0MTAzNTl9.33wLBc6uYtFo5JZe_0WwXDcxqZ8oJmiE67lCLv_vWSNTruRHIHftfVEaemPp0E2BLd13f8qcYJuI7XRXB4sQaw',1),('8dfac870-99f4-4467-98c6-cf6ce32e1114',1655194263,1655194263,1655280663,1,1655194263,'eyJhbGciOiJIUzUxMiJ9.eyJzdWIiOiJkdGRhdDJAY21jZ2xvYmFsLnZuIiwic2NvcGVzIjpbIlJPTEVfUkVGUkVTSF9UT0tFTiJdLCJ1c2VySWQiOjM0MCwianRpIjoiOGRmYWM4NzAtOTlmNC00NDY3LTk4YzYtY2Y2Y2UzMmUxMTE0IiwiaWF0IjoxNjU1MTk0MjYzLCJleHAiOjE2NTUyODA2NjN9.YYE349o3xVg5MMhQY5cz_Ir2qpQ7RlTCPHhdoxsFAJcHAh0mTg60GsnlE-LXtugUt8yXxa9KmK-9KSlAsWKScA',340),('8fae40af-5819-4ec9-a536-fde6c32058ef',1661134660,1661134660,1661221060,1,1661134660,'eyJhbGciOiJIUzUxMiJ9.eyJzdWIiOiJkdGRhdDJAY21jZ2xvYmFsLnZuIiwic2NvcGVzIjpbIlJPTEVfUkVGUkVTSF9UT0tFTiJdLCJ1c2VySWQiOjM0MCwianRpIjoiOGZhZTQwYWYtNTgxOS00ZWM5LWE1MzYtZmRlNmMzMjA1OGVmIiwiaWF0IjoxNjYxMTM0NjYwLCJleHAiOjE2NjEyMjEwNjB9.d4jgDqkcq0c-RS8CmvjpQM-EgDU_ZwiQun1GmwFBSnEz32CS2LJvVQ7kpmqtvbwESDt98UkAaNM23UGBwIRvrQ',340),('901a75de-1dc0-49df-becd-d8fde2615ec9',1667809514,1667809514,1667895914,1,1667809514,'eyJhbGciOiJIUzUxMiJ9.eyJzdWIiOiJhZG1pbmdsb2JhbEBnbWFpbC5jb20iLCJzY29wZXMiOlsiUk9MRV9SRUZSRVNIX1RPS0VOIl0sInVzZXJJZCI6MSwianRpIjoiOTAxYTc1ZGUtMWRjMC00OWRmLWJlY2QtZDhmZGUyNjE1ZWM5IiwiaWF0IjoxNjY3ODA5NTE0LCJleHAiOjE2Njc4OTU5MTR9.E8NKXfYBPfgo9AP2oDlzvKZQSmWIZMBD69jR6oRUXATDC3-rYxL_Xg4bKl5gL8HAMxM75Cbru_GMSd6kfDB_2g',1),('9254579e-5f04-4104-a20d-c6bec3761cf6',1670003345,1670003345,1670089745,1,1670003345,'eyJhbGciOiJIUzUxMiJ9.eyJzdWIiOiJ2dm5naGlhQGNtY2dsb2JhbC52biIsInNjb3BlcyI6WyJST0xFX1JFRlJFU0hfVE9LRU4iXSwidXNlcklkIjo5NzgsImp0aSI6IjkyNTQ1NzllLTVmMDQtNDEwNC1hMjBkLWM2YmVjMzc2MWNmNiIsImlhdCI6MTY3MDAwMzM0NSwiZXhwIjoxNjcwMDg5NzQ1fQ.dBJsqQqyp4CcV0y9mSIgGcutb9aCNhpeKABVFj3ih3rCDc3cjxHXWdBt_fEKbP6pYZM8Ev4UxAZ1bjZx208SdA',978),('92df2ab7-cbed-4188-a1c8-e6e70e083c20',1655105854,1655105854,1655192254,1,1655105854,'eyJhbGciOiJIUzUxMiJ9.eyJzdWIiOiJodHV5ZW5AY21jZ2xvYmFsLnZuIiwic2NvcGVzIjpbIlJPTEVfUkVGUkVTSF9UT0tFTiJdLCJ1c2VySWQiOjM0MywianRpIjoiOTJkZjJhYjctY2JlZC00MTg4LWExYzgtZTZlNzBlMDgzYzIwIiwiaWF0IjoxNjU1MTA1ODU0LCJleHAiOjE2NTUxOTIyNTR9.WYutYRDTAQ8twRxiZS_hE4pGoWEncHj4MZkwNn-Lm3EL-TA8vTgGCBPy1V3XS5_t3Z6ILhbJFn7_h1olNiywOg',343),('9302279a-8a37-4bb4-acf5-22be07df26a4',1669949655,1669949655,1670036055,0,1669949655,'eyJhbGciOiJIUzUxMiJ9.eyJzdWIiOiJudGhhbmhAY21jZ2xvYmFsLnZuIiwic2NvcGVzIjpbIlJPTEVfUkVGUkVTSF9UT0tFTiJdLCJ1c2VySWQiOjk2MSwianRpIjoiOTMwMjI3OWEtOGEzNy00YmI0LWFjZjUtMjJiZTA3ZGYyNmE0IiwiaWF0IjoxNjY5OTQ5NjU1LCJleHAiOjE2NzAwMzYwNTV9.LmFUDWRCAmse3uWUs-6t0FFWBx19SermE72WURZbCo3IPo4N7I_R48jW0OuN6lmZLH8rKmg4gpoqIv6YmcKnaA',961),('9343d518-b421-4ef2-8dee-9f247dbc7aa5',1669171580,1669171580,1669257979,1,1669171579,'eyJhbGciOiJIUzUxMiJ9.eyJzdWIiOiJ0bW5oYXRAY21jZ2xvYmFsLnZuIiwic2NvcGVzIjpbIlJPTEVfUkVGUkVTSF9UT0tFTiJdLCJ1c2VySWQiOjg5MCwianRpIjoiOTM0M2Q1MTgtYjQyMS00ZWYyLThkZWUtOWYyNDdkYmM3YWE1IiwiaWF0IjoxNjY5MTcxNTc5LCJleHAiOjE2NjkyNTc5Nzl9.WvE3DEoB9u39skfuhlt-yvIT9kWxSqB53mKU6aIm3TrhVi6QqPcuaZH2V2LgtkRFSNOIVtOpHpfS-Rk7thaOvA',890),('98bcc6dd-d998-4070-9e08-d4562dbedb83',1652062845,1652062845,1652149245,1,1652062845,'eyJhbGciOiJIUzUxMiJ9.eyJzdWIiOiJhZG1pbkdsb2JhbEBnbWFpbC5jb20iLCJzY29wZXMiOlsiUk9MRV9SRUZSRVNIX1RPS0VOIl0sInVzZXJJZCI6MSwianRpIjoiOThiY2M2ZGQtZDk5OC00MDcwLTllMDgtZDQ1NjJkYmVkYjgzIiwiaWF0IjoxNjUyMDYyODQ1LCJleHAiOjE2NTIxNDkyNDV9.t_ZZduqAhxEcnmjlnIHAzkLA6sLowgbpvstf6l505mXgCqLz2kW_0h_GYRaQpMzButm95ZpuHlOKWYCZJJS4Wg',1),('990328bb-a282-4113-aca0-60ac2f258d83',1671683104,1671683104,1671769504,1,1671683104,'eyJhbGciOiJIUzUxMiJ9.eyJzdWIiOiJodW9uZ25ndXllbnRoaTc4OTdAZ21haWwuY29tIiwic2NvcGVzIjpbIlJPTEVfUkVGUkVTSF9UT0tFTiJdLCJ1c2VySWQiOjk4NiwianRpIjoiOTkwMzI4YmItYTI4Mi00MTEzLWFjYTAtNjBhYzJmMjU4ZDgzIiwiaWF0IjoxNjcxNjgzMTA0LCJleHAiOjE2NzE3Njk1MDR9.Qmi3OxUfvFs1r_O1a_oSMTcyoCEaSFC00DjP1fKv0WSTYhfzVXf8JXzq1DnjMFZEmSJH3-XhO5MziUDk1YnKag',986),('99156b9f-da01-42d4-bc9e-aba1da6a242b',1670808491,1670808491,1670894891,1,1670808491,'eyJhbGciOiJIUzUxMiJ9.eyJzdWIiOiJhZG1pbmdsb2JhbEBnbWFpbC5jb20iLCJzY29wZXMiOlsiUk9MRV9SRUZSRVNIX1RPS0VOIl0sInVzZXJJZCI6MSwianRpIjoiOTkxNTZiOWYtZGEwMS00MmQ0LWJjOWUtYWJhMWRhNmEyNDJiIiwiaWF0IjoxNjcwODA4NDkxLCJleHAiOjE2NzA4OTQ4OTF9.p2wV8Cv8pir-mUGVjHX39BnWK-yQLAngZ0PjqZ3qJdghB8NckMhC1hLDQon5Yc9OvRDWh8VEhqbn7pN71G-F6g',1),('995a586e-ce8e-469a-823c-4e62acbd404e',1662536799,1662536799,1662623199,1,1662536799,'eyJhbGciOiJIUzUxMiJ9.eyJzdWIiOiJodHV5ZW5AY21jZ2xvYmFsLnZuIiwic2NvcGVzIjpbIlJPTEVfUkVGUkVTSF9UT0tFTiJdLCJ1c2VySWQiOjM0MywianRpIjoiOTk1YTU4NmUtY2U4ZS00NjlhLTgyM2MtNGU2MmFjYmQ0MDRlIiwiaWF0IjoxNjYyNTM2Nzk5LCJleHAiOjE2NjI2MjMxOTl9.-bK-gxdSk6OsLyjW0EgZ8B1oyu5hsGeUTNbD_9fOIfQp4Gn0-hnZ_H__b38jNazVJMtR8RYt4QgsGnRWPVFvKA',343),('9ab946db-8311-4232-a79e-9f25d5c9a00f',1664176142,1664176142,1664262542,1,1664176142,'eyJhbGciOiJIUzUxMiJ9.eyJzdWIiOiJsaGxvbmdAY21jZ2xvYmFsLnZuIiwic2NvcGVzIjpbIlJPTEVfUkVGUkVTSF9UT0tFTiJdLCJ1c2VySWQiOjg5MiwianRpIjoiOWFiOTQ2ZGItODMxMS00MjMyLWE3OWUtOWYyNWQ1YzlhMDBmIiwiaWF0IjoxNjY0MTc2MTQyLCJleHAiOjE2NjQyNjI1NDJ9.ZqG3Kt2jhlpPvfoTDou0TOVgJ1tgDykHANvcgXjmLgrloIP9sOX8Ots6xXIN_aDkkoQm0aUg_QM4ygZmozt3Mw',892),('9cfbeed9-4565-426b-a102-bbc3dd4a26ee',1664425243,1664425243,1664511643,1,1664425243,'eyJhbGciOiJIUzUxMiJ9.eyJzdWIiOiJhZG1pbmdsb2JhbEBnbWFpbC5jb20iLCJzY29wZXMiOlsiUk9MRV9SRUZSRVNIX1RPS0VOIl0sInVzZXJJZCI6MSwianRpIjoiOWNmYmVlZDktNDU2NS00MjZiLWExMDItYmJjM2RkNGEyNmVlIiwiaWF0IjoxNjY0NDI1MjQzLCJleHAiOjE2NjQ1MTE2NDN9.MpdJRWW72HoGR5_Op1TCDJyQa8nuTF2AatBFWl1osXOOC90w1qcEcSn08QtpSnBFA-GNaJcjKCTfc833UEe8fg',1),('9d67c060-f8e2-4a76-8324-9bf5e614966b',1663302770,1663302770,1663389170,1,1663302770,'eyJhbGciOiJIUzUxMiJ9.eyJzdWIiOiJkdGRhdDJAY21jZ2xvYmFsLnZuIiwic2NvcGVzIjpbIlJPTEVfUkVGUkVTSF9UT0tFTiJdLCJ1c2VySWQiOjM0MCwianRpIjoiOWQ2N2MwNjAtZjhlMi00YTc2LTgzMjQtOWJmNWU2MTQ5NjZiIiwiaWF0IjoxNjYzMzAyNzcwLCJleHAiOjE2NjMzODkxNzB9.itQvvQPwfnD0iRky0kfMCqOE4gUSRv3O0OBcvr6jT64APJxvtcapkiBf-5HFMW9yBpJ4Jz_nhllBstqVfrFj6w',340),('9d8105cd-67fd-418d-8150-c8f487dc900f',1672206321,1672206321,1672292721,0,1672206321,'eyJhbGciOiJIUzUxMiJ9.eyJzdWIiOiJ2dm5naGlhQGNtY2dsb2JhbC52biIsInNjb3BlcyI6WyJST0xFX1JFRlJFU0hfVE9LRU4iXSwidXNlcklkIjo5NzgsImp0aSI6IjlkODEwNWNkLTY3ZmQtNDE4ZC04MTUwLWM4ZjQ4N2RjOTAwZiIsImlhdCI6MTY3MjIwNjMyMSwiZXhwIjoxNjcyMjkyNzIxfQ.6vuqgmD8akOc5bV0Zqj9TkaJzA-KnMEj-JcuctG6O5iCWcBV5A0XxrlUq16pZ_CkXwFPkcwg006aM58gNDI0EQ',978),('9dc9a763-f3ce-476f-961e-38cdf788b10e',1665396303,1665396303,1665482703,1,1665396303,'eyJhbGciOiJIUzUxMiJ9.eyJzdWIiOiJkdGRhdDJAY21jZ2xvYmFsLnZuIiwic2NvcGVzIjpbIlJPTEVfUkVGUkVTSF9UT0tFTiJdLCJ1c2VySWQiOjM0MCwianRpIjoiOWRjOWE3NjMtZjNjZS00NzZmLTk2MWUtMzhjZGY3ODhiMTBlIiwiaWF0IjoxNjY1Mzk2MzAzLCJleHAiOjE2NjU0ODI3MDN9.Q9Xw_rsgqxgLB9r46HhN7dfUMpoOcDjGCwpbzNz7IMHhF3kkwdt7GCcG1nVTai_xycmaa8R2OJOiXPIFHP6A0A',340),('9ea4831d-d2c0-4c27-a51d-dc2cf73488f2',1654663932,1654663932,1654750332,1,1654663932,'eyJhbGciOiJIUzUxMiJ9.eyJzdWIiOiJhZG1pbkdsb2JhbEBnbWFpbC5jb20iLCJzY29wZXMiOlsiUk9MRV9SRUZSRVNIX1RPS0VOIl0sInVzZXJJZCI6MSwianRpIjoiOWVhNDgzMWQtZDJjMC00YzI3LWE1MWQtZGMyY2Y3MzQ4OGYyIiwiaWF0IjoxNjU0NjYzOTMyLCJleHAiOjE2NTQ3NTAzMzJ9.jHhLVhu8ywTiQNJ-HR8FvKLRu123vwi7yKdsn2FcD0DsQumAn2DKxI_c9zPLxv2EZ_-cdJQ-qfCGwjAHAI3wCg',1),('9fcb005d-b795-4d72-adba-6e840d0ba35d',1664512157,1664512157,1664598557,1,1664512157,'eyJhbGciOiJIUzUxMiJ9.eyJzdWIiOiJhZG1pbmdsb2JhbEBnbWFpbC5jb20iLCJzY29wZXMiOlsiUk9MRV9SRUZSRVNIX1RPS0VOIl0sInVzZXJJZCI6MSwianRpIjoiOWZjYjAwNWQtYjc5NS00ZDcyLWFkYmEtNmU4NDBkMGJhMzVkIiwiaWF0IjoxNjY0NTEyMTU3LCJleHAiOjE2NjQ1OTg1NTd9.ltev5-S104E9SXJKdAhdfPvnAhH_ZB6eXkkM_Ith3DGNwdW_1AdV-X5H9sp_g-DJQCtrlaxvopxdbJhvenGI1g',1),('a147098d-407f-435c-9654-c1540f0a5383',1664160348,1664160348,1664246748,1,1664160348,'eyJhbGciOiJIUzUxMiJ9.eyJzdWIiOiJhZG1pbmdsb2JhbEBnbWFpbC5jb20iLCJzY29wZXMiOlsiUk9MRV9SRUZSRVNIX1RPS0VOIl0sInVzZXJJZCI6MSwianRpIjoiYTE0NzA5OGQtNDA3Zi00MzVjLTk2NTQtYzE1NDBmMGE1MzgzIiwiaWF0IjoxNjY0MTYwMzQ4LCJleHAiOjE2NjQyNDY3NDh9.9LYFhsLtrD29qktnDtAZoVOeEJPgs4u6R8n1UeXJxZmkJxCGHHxHaqzWUxH2sU7z7iqEXGvvz2WFwomtpfzN0Q',1),('a18b5c4a-9461-4d3c-8b17-63366ff45afa',1664160369,1664160369,1664246769,1,1664160369,'eyJhbGciOiJIUzUxMiJ9.eyJzdWIiOiJkdGRhdDJAY21jZ2xvYmFsLnZuIiwic2NvcGVzIjpbIlJPTEVfUkVGUkVTSF9UT0tFTiJdLCJ1c2VySWQiOjM0MCwianRpIjoiYTE4YjVjNGEtOTQ2MS00ZDNjLThiMTctNjMzNjZmZjQ1YWZhIiwiaWF0IjoxNjY0MTYwMzY5LCJleHAiOjE2NjQyNDY3Njl9._5-UJJnvCg8FIZKH_mRKS-UYD5pyOsnulpIsR7lny0cq8njGK_fj640TE0MqnuRxywmQOJ5trgUboZ4j8O-7tA',340),('a26f7813-d548-4a00-86e9-1b75b9325fcb',1666950802,1666950802,1667037202,1,1666950802,'eyJhbGciOiJIUzUxMiJ9.eyJzdWIiOiJhZG1pbmdsb2JhbEBnbWFpbC5jb20iLCJzY29wZXMiOlsiUk9MRV9SRUZSRVNIX1RPS0VOIl0sInVzZXJJZCI6MSwianRpIjoiYTI2Zjc4MTMtZDU0OC00YTAwLTg2ZTktMWI3NWI5MzI1ZmNiIiwiaWF0IjoxNjY2OTUwODAyLCJleHAiOjE2NjcwMzcyMDJ9._d-BNhzlN2t4U-X7lJjNcMhguv8BMdqnW4UOa6kzWuUYMLX1zgAG0nHe8kKZhi28SEQJizAYYRFOK1KIOO0WCA',1),('a37b0747-426a-4dcf-b7a3-319e1073686b',1660621595,1660621595,1660707995,1,1660621595,'eyJhbGciOiJIUzUxMiJ9.eyJzdWIiOiJkdGRhdDJAY21jZ2xvYmFsLnZuIiwic2NvcGVzIjpbIlJPTEVfUkVGUkVTSF9UT0tFTiJdLCJ1c2VySWQiOjM0MCwianRpIjoiYTM3YjA3NDctNDI2YS00ZGNmLWI3YTMtMzE5ZTEwNzM2ODZiIiwiaWF0IjoxNjYwNjIxNTk1LCJleHAiOjE2NjA3MDc5OTV9.mHbNQaCBdoxNG1f-GUNn2pZT_mucNwGYakYgEz3a1rX8Sx9ASz_YXqwSswd7OUjLQBvQQ_H-3RkLxUN6svrXhw',340),('a4112ce5-052b-44a3-9e2c-8926bc1087ed',1672137111,1672137111,1672223511,0,1672137111,'eyJhbGciOiJIUzUxMiJ9.eyJzdWIiOiJhZG1pbmdsb2JhbEBnbWFpbC5jb20iLCJzY29wZXMiOlsiUk9MRV9SRUZSRVNIX1RPS0VOIl0sInVzZXJJZCI6MSwianRpIjoiYTQxMTJjZTUtMDUyYi00NGEzLTllMmMtODkyNmJjMTA4N2VkIiwiaWF0IjoxNjcyMTM3MTExLCJleHAiOjE2NzIyMjM1MTF9.NcuYT-VXqGlFcMtdI-uiFYg5JgLqrjONxLg7ojUApRL7B0OdS_NRVSSyNLYbd5Unuk9gNRj3QCjDvJ3klRAOsg',1),('a5295e17-2b7e-438b-8e89-4654cfe80e2b',1667184224,1667184224,1667270624,1,1667184224,'eyJhbGciOiJIUzUxMiJ9.eyJzdWIiOiJodHV5ZW5AY21jZ2xvYmFsLnZuIiwic2NvcGVzIjpbIlJPTEVfUkVGUkVTSF9UT0tFTiJdLCJ1c2VySWQiOjM0MywianRpIjoiYTUyOTVlMTctMmI3ZS00MzhiLThlODktNDY1NGNmZTgwZTJiIiwiaWF0IjoxNjY3MTg0MjI0LCJleHAiOjE2NjcyNzA2MjR9.3WHmWXJnJTcA6c62-XwCUVAZHOjJNX3wFFSfSmz4mFHCk0-xpVA-HCVj9-AbUoEuD5x2Iix_EhGoV4XcWWHB3w',343),('a7fe2275-e8e2-4d0d-bccc-ba91a71da3db',1664521563,1664521563,1664607963,1,1664521563,'eyJhbGciOiJIUzUxMiJ9.eyJzdWIiOiJodHV5ZW5AY21jZ2xvYmFsLnZuIiwic2NvcGVzIjpbIlJPTEVfUkVGUkVTSF9UT0tFTiJdLCJ1c2VySWQiOjM0MywianRpIjoiYTdmZTIyNzUtZThlMi00ZDBkLWJjY2MtYmE5MWE3MWRhM2RiIiwiaWF0IjoxNjY0NTIxNTYzLCJleHAiOjE2NjQ2MDc5NjN9.g1bFich8Sxir5eUxsJPk2X0wbqERHgfwaRTaQVOof3SY6vUZJ-c30uIgj1-yR7p7JB6uEBVGV_Ig8RZ9Ocj7SA',343),('a9671b1a-e0a8-4c5e-8c4f-4534c26fd616',1669777135,1669777135,1669863535,1,1669777135,'eyJhbGciOiJIUzUxMiJ9.eyJzdWIiOiJkdGRhdDJAY21jZ2xvYmFsLnZuIiwic2NvcGVzIjpbIlJPTEVfUkVGUkVTSF9UT0tFTiJdLCJ1c2VySWQiOjM0MCwianRpIjoiYTk2NzFiMWEtZTBhOC00YzVlLThjNGYtNDUzNGMyNmZkNjE2IiwiaWF0IjoxNjY5Nzc3MTM1LCJleHAiOjE2Njk4NjM1MzV9.bHj1G1B-g_y_wJOZeRlfA-TnSfMfY3Wrxd9YQmZdHFsXX9PsqE7JX1vcXqMTpqyY43nhlN8Ks8dr6U5t89h_mA',340),('aa383979-71a1-49ad-80d6-342fec4c32b6',1665471218,1665471218,1665557618,1,1665471218,'eyJhbGciOiJIUzUxMiJ9.eyJzdWIiOiJhZG1pbmdsb2JhbEBnbWFpbC5jb20iLCJzY29wZXMiOlsiUk9MRV9SRUZSRVNIX1RPS0VOIl0sInVzZXJJZCI6MSwianRpIjoiYWEzODM5NzktNzFhMS00OWFkLTgwZDYtMzQyZmVjNGMzMmI2IiwiaWF0IjoxNjY1NDcxMjE4LCJleHAiOjE2NjU1NTc2MTh9.oXbCbPrbs_Hu7Igha0FLopKNW8jHL2HJDO1awviU_vEyCCufbuHfZzwbUR1qwY4sAEEiv9VGgr9uJQKmSgr2mw',1),('ac5a2c9e-68f4-4299-a3d7-7e7402a46702',1663571891,1663571891,1663658291,1,1663571891,'eyJhbGciOiJIUzUxMiJ9.eyJzdWIiOiJodHV5ZW5AY21jZ2xvYmFsLnZuIiwic2NvcGVzIjpbIlJPTEVfUkVGUkVTSF9UT0tFTiJdLCJ1c2VySWQiOjM0MywianRpIjoiYWM1YTJjOWUtNjhmNC00Mjk5LWEzZDctN2U3NDAyYTQ2NzAyIiwiaWF0IjoxNjYzNTcxODkxLCJleHAiOjE2NjM2NTgyOTF9.PMYToSKf_IA0XtskehV5BnPqX0iLDlIHz9Gh9WJn46ExSPuKwOkpAzy2LRszqW8C_i3zDE7B62OVpNkdgQDhWA',343),('acd774ab-a646-4c95-9381-c82aa5e3a5b7',1670224592,1670224592,1670310992,1,1670224592,'eyJhbGciOiJIUzUxMiJ9.eyJzdWIiOiJhZG1pbmdsb2JhbEBnbWFpbC5jb20iLCJzY29wZXMiOlsiUk9MRV9SRUZSRVNIX1RPS0VOIl0sInVzZXJJZCI6MSwianRpIjoiYWNkNzc0YWItYTY0Ni00Yzk1LTkzODEtYzgyYWE1ZTNhNWI3IiwiaWF0IjoxNjcwMjI0NTkyLCJleHAiOjE2NzAzMTA5OTJ9.x_GhoaaJBRcfT0wG0Q5Q7KvqqM6uGAdKojlXJnBK3ZudkJNsMRP7QZWfcVO8EAjBrQTxG7NmiGa6E-BPv2nm_Q',1),('ad353400-a3fa-4229-ab7e-84e1f75b9c0c',1669953159,1669953159,1670039559,1,1669953159,'eyJhbGciOiJIUzUxMiJ9.eyJzdWIiOiJodHV5ZW5AY21jZ2xvYmFsLnZuIiwic2NvcGVzIjpbIlJPTEVfUkVGUkVTSF9UT0tFTiJdLCJ1c2VySWQiOjM0MywianRpIjoiYWQzNTM0MDAtYTNmYS00MjI5LWFiN2UtODRlMWY3NWI5YzBjIiwiaWF0IjoxNjY5OTUzMTU5LCJleHAiOjE2NzAwMzk1NTl9.ohf_7E9yDJzg7ikxVu4rAINozN6Rk6wxrvVkcQyHHmhoIhGZvjRO74BtykHgsBGFDpBC0OIjg0mveXJo3AlWGw',343),('ad7433cc-ed10-4d91-80c5-08489bb893c1',1664770844,1664770844,1664857244,1,1664770844,'eyJhbGciOiJIUzUxMiJ9.eyJzdWIiOiJkdGRhdDJAY21jZ2xvYmFsLnZuIiwic2NvcGVzIjpbIlJPTEVfUkVGUkVTSF9UT0tFTiJdLCJ1c2VySWQiOjM0MCwianRpIjoiYWQ3NDMzY2MtZWQxMC00ZDkxLTgwYzUtMDg0ODliYjg5M2MxIiwiaWF0IjoxNjY0NzcwODQ0LCJleHAiOjE2NjQ4NTcyNDR9.PewnxywgWcTz4K4tZw-jQWO7uRaHA4paFMDtXSZziUh1ylsEo2tzEa3MGNOCNyr0d1VNV1uMLFC4-0Lgkl14kQ',340),('b0ee3881-de30-4bc1-99fc-8d2786156000',1667184196,1667184196,1667270596,1,1667184196,'eyJhbGciOiJIUzUxMiJ9.eyJzdWIiOiJkdGRhdDJAY21jZ2xvYmFsLnZuIiwic2NvcGVzIjpbIlJPTEVfUkVGUkVTSF9UT0tFTiJdLCJ1c2VySWQiOjM0MCwianRpIjoiYjBlZTM4ODEtZGUzMC00YmMxLTk5ZmMtOGQyNzg2MTU2MDAwIiwiaWF0IjoxNjY3MTg0MTk2LCJleHAiOjE2NjcyNzA1OTZ9.-zzZo2BME4RWUBwnpFeQw-FUUSNYX9-1Z3KDUQwhRC9RQm1f8hO6ATb6mRmmsm_2pAqAK4wf8uhrpUbY7OGGIg',340),('b1bb1c9b-835f-4a2d-8c74-f8bbe5592ea2',1653465779,1653465779,1653552179,1,1653465779,'eyJhbGciOiJIUzUxMiJ9.eyJzdWIiOiJhZG1pbkdsb2JhbEBnbWFpbC5jb20iLCJzY29wZXMiOlsiUk9MRV9SRUZSRVNIX1RPS0VOIl0sInVzZXJJZCI6MSwianRpIjoiYjFiYjFjOWItODM1Zi00YTJkLThjNzQtZjhiYmU1NTkyZWEyIiwiaWF0IjoxNjUzNDY1Nzc5LCJleHAiOjE2NTM1NTIxNzl9.oVa0Phvj7XMs3Z482QA7YnO8kJGfK_iKLOlIv5x4ADRnW3aM7EyFFNBMiWdOmMXMgoa3C43kqytDt9dob_Pjhw',1),('b2b699f8-7511-4071-aead-0b6efd4fdb71',1664850949,1664850949,1664937349,1,1664850949,'eyJhbGciOiJIUzUxMiJ9.eyJzdWIiOiJ0bW5oYXRAY21jZ2xvYmFsLnZuIiwic2NvcGVzIjpbIlJPTEVfUkVGUkVTSF9UT0tFTiJdLCJ1c2VySWQiOjg5MCwianRpIjoiYjJiNjk5ZjgtNzUxMS00MDcxLWFlYWQtMGI2ZWZkNGZkYjcxIiwiaWF0IjoxNjY0ODUwOTQ5LCJleHAiOjE2NjQ5MzczNDl9.eP7Y6Vkf1SzE2DCUuQQa4yR-iq9EJEXaKoLjvPYgd2q2sMs-xmaxSVxrRqqLbbazKynrHA4-lv4PI8zgSrW1mA',890),('b3c7a56a-1d20-423d-8954-740be8e7af56',1656639255,1656639255,1656725655,1,1656639255,'eyJhbGciOiJIUzUxMiJ9.eyJzdWIiOiJkdGRhdDJAY21jZ2xvYmFsLnZuIiwic2NvcGVzIjpbIlJPTEVfUkVGUkVTSF9UT0tFTiJdLCJ1c2VySWQiOjM0MCwianRpIjoiYjNjN2E1NmEtMWQyMC00MjNkLTg5NTQtNzQwYmU4ZTdhZjU2IiwiaWF0IjoxNjU2NjM5MjU1LCJleHAiOjE2NTY3MjU2NTV9.xfVY1qloDSaQCzQ7WYiyXCg4k5pTlJ4JtdWB0qCYU2O_f_FuUZcmWUqUD8vHOwxImSGXVcYbtGy78byfYPmCZA',340),('b45fde38-c8a7-4659-b908-1d4f03b0d814',1663833458,1663833458,1663919858,1,1663833458,'eyJhbGciOiJIUzUxMiJ9.eyJzdWIiOiJkdGRhdDJAY21jZ2xvYmFsLnZuIiwic2NvcGVzIjpbIlJPTEVfUkVGUkVTSF9UT0tFTiJdLCJ1c2VySWQiOjM0MCwianRpIjoiYjQ1ZmRlMzgtYzhhNy00NjU5LWI5MDgtMWQ0ZjAzYjBkODE0IiwiaWF0IjoxNjYzODMzNDU4LCJleHAiOjE2NjM5MTk4NTh9.G64mTjDIycay4VsXK24scX9CCfPhlExO30AXh2X73IsqTEeH-FL3ZvYbNE8Pevp_ltIYZviPgRSEazmA1m9cnw',340),('b5881717-6436-419f-96b5-dadbe80fced7',1670899869,1670899869,1670986269,1,1670899869,'eyJhbGciOiJIUzUxMiJ9.eyJzdWIiOiJ2dm5naGlhQGNtY2dsb2JhbC52biIsInNjb3BlcyI6WyJST0xFX1JFRlJFU0hfVE9LRU4iXSwidXNlcklkIjo5NzgsImp0aSI6ImI1ODgxNzE3LTY0MzYtNDE5Zi05NmI1LWRhZGJlODBmY2VkNyIsImlhdCI6MTY3MDg5OTg2OSwiZXhwIjoxNjcwOTg2MjY5fQ.bJtbdx6MD0AomAOeX_r1SrpEAQTpmF66qkJKGRtAiPhKrf4ndywC8KejWyBUugfUGUR2WGqVv60HXkVGmLp2Vw',978),('b5c06e4e-b53f-44b1-ad93-96fae144540c',1670926916,1670926916,1671013316,1,1670926916,'eyJhbGciOiJIUzUxMiJ9.eyJzdWIiOiJudHRpbmgxQGNtY2dsb2JhbC52biIsInNjb3BlcyI6WyJST0xFX1JFRlJFU0hfVE9LRU4iXSwidXNlcklkIjo5ODIsImp0aSI6ImI1YzA2ZTRlLWI1M2YtNDRiMS1hZDkzLTk2ZmFlMTQ0NTQwYyIsImlhdCI6MTY3MDkyNjkxNiwiZXhwIjoxNjcxMDEzMzE2fQ.5TE7WvyGX_zkCVM6VA2FGaORqweeaLscprZVCbi8Ssl6i1XDrNe70D6LI7i-OJlqSDpa7Y9mWyfy95inwm3cww',982),('b69e7c23-7c7a-428f-b75c-eea216c86594',1669172581,1669172581,1669258981,1,1669172581,'eyJhbGciOiJIUzUxMiJ9.eyJzdWIiOiJsaGxvbmdAY21jZ2xvYmFsLnZuIiwic2NvcGVzIjpbIlJPTEVfUkVGUkVTSF9UT0tFTiJdLCJ1c2VySWQiOjg5MiwianRpIjoiYjY5ZTdjMjMtN2M3YS00MjhmLWI3NWMtZWVhMjE2Yzg2NTk0IiwiaWF0IjoxNjY5MTcyNTgxLCJleHAiOjE2NjkyNTg5ODF9.N_Z_AMsx4x235NMdnP2uVlYmmSqKyfVnG8JUZeV6TJJSx50CJ2cAwOoDdvjUGkfVCMK3W8N2pw50zr2PfdHYUA',892),('b6d40c3d-39b0-4afe-b28b-abd092a3f0c9',1670380256,1670380256,1670466656,1,1670380256,'eyJhbGciOiJIUzUxMiJ9.eyJzdWIiOiJsaGxvbmdAY21jZ2xvYmFsLnZuIiwic2NvcGVzIjpbIlJPTEVfUkVGUkVTSF9UT0tFTiJdLCJ1c2VySWQiOjg5MiwianRpIjoiYjZkNDBjM2QtMzliMC00YWZlLWIyOGItYWJkMDkyYTNmMGM5IiwiaWF0IjoxNjcwMzgwMjU2LCJleHAiOjE2NzA0NjY2NTZ9.uh4wfpsBQ6m3s4LOvqRLZwrDlF2ZH1Og6D49L-1es4H_8FhoIYMNACYTypqi7IZ92bTzMVQWSEK0m217NBaEYQ',892),('b70e29e0-d682-4a86-a1f9-62d939159381',1666839152,1666839152,1666925552,1,1666839152,'eyJhbGciOiJIUzUxMiJ9.eyJzdWIiOiJkdGRhdDJAY21jZ2xvYmFsLnZuIiwic2NvcGVzIjpbIlJPTEVfUkVGUkVTSF9UT0tFTiJdLCJ1c2VySWQiOjM0MCwianRpIjoiYjcwZTI5ZTAtZDY4Mi00YTg2LWExZjktNjJkOTM5MTU5MzgxIiwiaWF0IjoxNjY2ODM5MTUyLCJleHAiOjE2NjY5MjU1NTJ9.vgz3D08iY-6WPGwGvyy_Hg0XSwXNTDpFum49qIiiIrOfgHq7TEa3qFeG_m6Lv2I0uBRBz9j189Wdjw0CiOWJCQ',340),('b82cba8c-5d48-410a-93f5-6ff1aba9c6e2',1671078428,1671078428,1671164828,1,1671078428,'eyJhbGciOiJIUzUxMiJ9.eyJzdWIiOiJhZG1pbmdsb2JhbEBnbWFpbC5jb20iLCJzY29wZXMiOlsiUk9MRV9SRUZSRVNIX1RPS0VOIl0sInVzZXJJZCI6MSwianRpIjoiYjgyY2JhOGMtNWQ0OC00MTBhLTkzZjUtNmZmMWFiYTljNmUyIiwiaWF0IjoxNjcxMDc4NDI4LCJleHAiOjE2NzExNjQ4Mjh9.ltPLInaBdHG0szQozqTaZabaclv0rh5dIRAyInAvB5QGxDiSqilPv_7s1ZCZaa7FCbvL0pkL1wksPI7GXjmWIg',1),('bae167e2-6c67-47a1-be8a-006f3a2bd2de',1652164556,1652164556,1652250956,1,1652164556,'eyJhbGciOiJIUzUxMiJ9.eyJzdWIiOiJhZG1pbkdsb2JhbEBnbWFpbC5jb20iLCJzY29wZXMiOlsiUk9MRV9SRUZSRVNIX1RPS0VOIl0sInVzZXJJZCI6MSwianRpIjoiYmFlMTY3ZTItNmM2Ny00N2ExLWJlOGEtMDA2ZjNhMmJkMmRlIiwiaWF0IjoxNjUyMTY0NTU2LCJleHAiOjE2NTIyNTA5NTZ9.3MsGkiacODIG9-GI9SdKr-_IRBpYYU4KaawAaRCDLMIdEKfS3ndxQiCCoXHh0Mfd_ZzYFm3Q9gY_dlrbs8HusA',1),('bdc6f6a0-2988-42b6-bd92-874c294e9b26',1671005531,1671005531,1671091931,1,1671005531,'eyJhbGciOiJIUzUxMiJ9.eyJzdWIiOiJodW9uZ25ndXllbnRoaTc4OTdAZ21haWwuY29tIiwic2NvcGVzIjpbIlJPTEVfUkVGUkVTSF9UT0tFTiJdLCJ1c2VySWQiOjk4NiwianRpIjoiYmRjNmY2YTAtMjk4OC00MmI2LWJkOTItODc0YzI5NGU5YjI2IiwiaWF0IjoxNjcxMDA1NTMxLCJleHAiOjE2NzEwOTE5MzF9.1YojxY3zGMHM3f-EgDQ2JvbLshlu7klm1TzkziVSJLLxmKlJzyfxDJJHDejoGsBWfxL6RS6xD2kJVFhYizJisg',986),('bddd2e47-278b-40a5-9e34-329910b53bda',1669366297,1669366297,1669452697,1,1669366297,'eyJhbGciOiJIUzUxMiJ9.eyJzdWIiOiJkdGRhdDJAY21jZ2xvYmFsLnZuIiwic2NvcGVzIjpbIlJPTEVfUkVGUkVTSF9UT0tFTiJdLCJ1c2VySWQiOjM0MCwianRpIjoiYmRkZDJlNDctMjc4Yi00MGE1LTllMzQtMzI5OTEwYjUzYmRhIiwiaWF0IjoxNjY5MzY2Mjk3LCJleHAiOjE2Njk0NTI2OTd9.HCLJw3BlJv7DCQzc7P-ZcU6bnE3mlYP2XrOLcBeSNLP8FwfrPLhG77k16OL4JriKGmA0keDGnF4wtBHNTsUDaw',340),('beb8f547-c00a-4b85-9ffd-3a5ba5107f57',1655796628,1655796628,1655883028,1,1655796628,'eyJhbGciOiJIUzUxMiJ9.eyJzdWIiOiJodHV5ZW5AY21jZ2xvYmFsLnZuIiwic2NvcGVzIjpbIlJPTEVfUkVGUkVTSF9UT0tFTiJdLCJ1c2VySWQiOjM0MywianRpIjoiYmViOGY1NDctYzAwYS00Yjg1LTlmZmQtM2E1YmE1MTA3ZjU3IiwiaWF0IjoxNjU1Nzk2NjI4LCJleHAiOjE2NTU4ODMwMjh9.Hwmxn1sPA1H8xepwvL1u9puuYe9ShlPYWyBNkuKRL89WAxLFB0vx3IeI1ZF4wkxDGrag14lxEboPT2A1bXdkWw',343),('c144e124-fd41-4ac6-913a-773c43645aa3',1670991024,1670991024,1671077424,0,1670991024,'eyJhbGciOiJIUzUxMiJ9.eyJzdWIiOiJ0dGx1Y0BjbWNnbG9iYWwudm4iLCJzY29wZXMiOlsiUk9MRV9SRUZSRVNIX1RPS0VOIl0sInVzZXJJZCI6MTAyMywianRpIjoiYzE0NGUxMjQtZmQ0MS00YWM2LTkxM2EtNzczYzQzNjQ1YWEzIiwiaWF0IjoxNjcwOTkxMDI0LCJleHAiOjE2NzEwNzc0MjR9.hW8uXbrlFto0isOuUZ0btqLFEyZdmEiLcGn3yE8aUH86JCoS1Y1N00nwXKZjcwFEg3NSckn5de7HEfMuO7y9tw',1023),('c3186aea-1826-4a93-a72d-5bd4d099b121',1662966564,1662966564,1663052964,1,1662966564,'eyJhbGciOiJIUzUxMiJ9.eyJzdWIiOiJodHV5ZW5AY21jZ2xvYmFsLnZuIiwic2NvcGVzIjpbIlJPTEVfUkVGUkVTSF9UT0tFTiJdLCJ1c2VySWQiOjM0MywianRpIjoiYzMxODZhZWEtMTgyNi00YTkzLWE3MmQtNWJkNGQwOTliMTIxIiwiaWF0IjoxNjYyOTY2NTY0LCJleHAiOjE2NjMwNTI5NjR9.3QTPjFzype-cUEE138EW31Qd-0Pz2jHT6q4hq1i4rgplv4UlCTme-T8LSyNpRcXRPtZib7N8va3exvIuWlfnvw',343),('c47631ed-d2c8-4aa9-b3d5-2c5dec7d93dc',1654657432,1654657432,1654743832,1,1654657432,'eyJhbGciOiJIUzUxMiJ9.eyJzdWIiOiJkdGRhdDJAY21jZ2xvYmFsLnZuIiwic2NvcGVzIjpbIlJPTEVfUkVGUkVTSF9UT0tFTiJdLCJ1c2VySWQiOjM0MCwianRpIjoiYzQ3NjMxZWQtZDJjOC00YWE5LWIzZDUtMmM1ZGVjN2Q5M2RjIiwiaWF0IjoxNjU0NjU3NDMyLCJleHAiOjE2NTQ3NDM4MzJ9.CAUOE5aHvSkQmogt4L8cITNFtpiQ0Ur9jT93AD3Kv7RYtKLRchbUI1F7BaW8_f6ZJGhHnEEtZhZcy51vTPyBAg',340),('c74bbde0-8088-43b2-b716-c7383612e0ae',1671423683,1671423683,1671510083,1,1671423683,'eyJhbGciOiJIUzUxMiJ9.eyJzdWIiOiJ0bW5oYXRAY21jZ2xvYmFsLnZuIiwic2NvcGVzIjpbIlJPTEVfUkVGUkVTSF9UT0tFTiJdLCJ1c2VySWQiOjg5MCwianRpIjoiYzc0YmJkZTAtODA4OC00M2IyLWI3MTYtYzczODM2MTJlMGFlIiwiaWF0IjoxNjcxNDIzNjgzLCJleHAiOjE2NzE1MTAwODN9.5FHrpR5NHVIEet2iIlxsfu5Vyu0KvQFGCJPcoIFj_DIWH8ESTPhyCeBeViB36OIulI2pv5A-_kLTDjvA7WsLHg',890),('c7a55497-6ae2-43a5-9063-c42e77c12ac3',1654571597,1654571597,1654657997,1,1654571597,'eyJhbGciOiJIUzUxMiJ9.eyJzdWIiOiJhZG1pbkdsb2JhbEBnbWFpbC5jb20iLCJzY29wZXMiOlsiUk9MRV9SRUZSRVNIX1RPS0VOIl0sInVzZXJJZCI6MSwianRpIjoiYzdhNTU0OTctNmFlMi00M2E1LTkwNjMtYzQyZTc3YzEyYWMzIiwiaWF0IjoxNjU0NTcxNTk3LCJleHAiOjE2NTQ2NTc5OTd9.yRv0AcEZROiRdXvvi09OVIe1QsM75yDPRLQNKGLbS_eoeUpQ5drlKEJEYpMrNNUmMrKuTQoQHX9gY9WXoND8ZA',1),('c87cf9d4-52c9-43c7-bb63-ef08a37fc1b3',1654144681,1654144681,1654231081,1,1654144681,'eyJhbGciOiJIUzUxMiJ9.eyJzdWIiOiJhZG1pbkdsb2JhbEBnbWFpbC5jb20iLCJzY29wZXMiOlsiUk9MRV9SRUZSRVNIX1RPS0VOIl0sInVzZXJJZCI6MSwianRpIjoiYzg3Y2Y5ZDQtNTJjOS00M2M3LWJiNjMtZWYwOGEzN2ZjMWIzIiwiaWF0IjoxNjU0MTQ0NjgxLCJleHAiOjE2NTQyMzEwODF9.xgAoRaEG7jCTA0A1UJC5CEnQYxKLO_KcH35DOEK2NgTw4fjtpWfSFX5OYYgLVAuMe9-tjw4g6_YBOz4iuPgMgg',1),('c989dcc4-d1a0-442b-ace8-ca80e9133afa',1669791505,1669791505,1669877905,1,1669791505,'eyJhbGciOiJIUzUxMiJ9.eyJzdWIiOiJodHV5ZW5AY21jZ2xvYmFsLnZuIiwic2NvcGVzIjpbIlJPTEVfUkVGUkVTSF9UT0tFTiJdLCJ1c2VySWQiOjM0MywianRpIjoiYzk4OWRjYzQtZDFhMC00NDJiLWFjZTgtY2E4MGU5MTMzYWZhIiwiaWF0IjoxNjY5NzkxNTA1LCJleHAiOjE2Njk4Nzc5MDV9.gyrIJFNIqJ_GARAUiIipAi9NoXiAIIJ1JKyJl0BJdPlBy9HtbVFH2KTch9KUNO2PyqpI_f0y6JilI7jYix7IzQ',343),('cb421320-fc3a-43b4-8a5e-f8309b279927',1660623033,1660623033,1660709433,1,1660623033,'eyJhbGciOiJIUzUxMiJ9.eyJzdWIiOiJhZG1pbkdsb2JhbEBnbWFpbC5jb20iLCJzY29wZXMiOlsiUk9MRV9SRUZSRVNIX1RPS0VOIl0sInVzZXJJZCI6MSwianRpIjoiY2I0MjEzMjAtZmMzYS00M2I0LThhNWUtZjgzMDliMjc5OTI3IiwiaWF0IjoxNjYwNjIzMDMzLCJleHAiOjE2NjA3MDk0MzN9.Fc4Q-NAALRVLDLOoLUZbIzQe10wzxISiutnyiNUoDT_pzH9I592zXPt9fY_LMhZWO_GBikF9-5NbJ9S4ydBHyQ',1),('d114d0ef-a99f-4cef-abc7-51232a19af50',1666752274,1666752274,1666838674,1,1666752274,'eyJhbGciOiJIUzUxMiJ9.eyJzdWIiOiJkdGRhdDJAY21jZ2xvYmFsLnZuIiwic2NvcGVzIjpbIlJPTEVfUkVGUkVTSF9UT0tFTiJdLCJ1c2VySWQiOjM0MCwianRpIjoiZDExNGQwZWYtYTk5Zi00Y2VmLWFiYzctNTEyMzJhMTlhZjUwIiwiaWF0IjoxNjY2NzUyMjc0LCJleHAiOjE2NjY4Mzg2NzR9.hlLjs8LNRNI27ui8Hc125MhJBKx2v7fHcffSGlKlhHW0utlw-9ibdtZrAPrX03f25KLAMmOe441HfLIR-G5gvg',340),('d1312690-7eb6-4009-97f0-810189069bec',1667361686,1667361686,1667448086,1,1667361686,'eyJhbGciOiJIUzUxMiJ9.eyJzdWIiOiJodHV5ZW5AY21jZ2xvYmFsLnZuIiwic2NvcGVzIjpbIlJPTEVfUkVGUkVTSF9UT0tFTiJdLCJ1c2VySWQiOjM0MywianRpIjoiZDEzMTI2OTAtN2ViNi00MDA5LTk3ZjAtODEwMTg5MDY5YmVjIiwiaWF0IjoxNjY3MzYxNjg2LCJleHAiOjE2Njc0NDgwODZ9.VcJ1oyf_1rFWRDKKtBo91ej8D_VcJcIHoGdtuwsYnLxvrBCj2O-B6Eq_zulbjehs-cOUuE6IgiAQYEWNGhyd_Q',343),('d1a803b8-dba4-42d6-84e5-f18c7420a5b1',1661849720,1661849720,1661936120,1,1661849720,'eyJhbGciOiJIUzUxMiJ9.eyJzdWIiOiJodHV5ZW5AY21jZ2xvYmFsLnZuIiwic2NvcGVzIjpbIlJPTEVfUkVGUkVTSF9UT0tFTiJdLCJ1c2VySWQiOjM0MywianRpIjoiZDFhODAzYjgtZGJhNC00MmQ2LTg0ZTUtZjE4Yzc0MjBhNWIxIiwiaWF0IjoxNjYxODQ5NzIwLCJleHAiOjE2NjE5MzYxMjB9.YuEcWiIWe0ysyaMgax3eccjYCOm3LwYochvFDmU5tV8_o2HJEJVwdJQCsfI5FtVwbIz2uClxitLAEN1kF3skyw',343),('d1b7c36f-d15b-4f10-be31-514cf39650ad',1665542552,1665542552,1665628952,1,1665542552,'eyJhbGciOiJIUzUxMiJ9.eyJzdWIiOiJkdGRhdDJAY21jZ2xvYmFsLnZuIiwic2NvcGVzIjpbIlJPTEVfUkVGUkVTSF9UT0tFTiJdLCJ1c2VySWQiOjM0MCwianRpIjoiZDFiN2MzNmYtZDE1Yi00ZjEwLWJlMzEtNTE0Y2YzOTY1MGFkIiwiaWF0IjoxNjY1NTQyNTUyLCJleHAiOjE2NjU2Mjg5NTJ9.7EpoqdHhpx7_7NKUWGGWWH4RIEbtpbZdBY4kEbhMPkX65Zu2GT3VFs5S2RMd64YWNKHqiBaP9o3R0QAYgFlcvQ',340),('d2660cec-5e4d-4395-9302-44c4b8b744a8',1669171963,1669171963,1669258363,1,1669171963,'eyJhbGciOiJIUzUxMiJ9.eyJzdWIiOiJkdGRhdDJAY21jZ2xvYmFsLnZuIiwic2NvcGVzIjpbIlJPTEVfUkVGUkVTSF9UT0tFTiJdLCJ1c2VySWQiOjM0MCwianRpIjoiZDI2NjBjZWMtNWU0ZC00Mzk1LTkzMDItNDRjNGI4Yjc0NGE4IiwiaWF0IjoxNjY5MTcxOTYzLCJleHAiOjE2NjkyNTgzNjN9.viLythuWD7Ooq2AjLaDwaDIdj-xQpe9JMDfSW25rbdKzn68I27d0CYoY3N-d3LWEpMGaIlPoSXly655Vpeb_3A',340),('d2b03ec2-6b9b-4ffe-920b-48b2d1ff91a3',1671604284,1671604284,1671690684,1,1671604284,'eyJhbGciOiJIUzUxMiJ9.eyJzdWIiOiJhZG1pbmdsb2JhbEBnbWFpbC5jb20iLCJzY29wZXMiOlsiUk9MRV9SRUZSRVNIX1RPS0VOIl0sInVzZXJJZCI6MSwianRpIjoiZDJiMDNlYzItNmI5Yi00ZmZlLTkyMGItNDhiMmQxZmY5MWEzIiwiaWF0IjoxNjcxNjA0Mjg0LCJleHAiOjE2NzE2OTA2ODR9.EVPeon7P2R492WNeEeuAinKW5hYKU7VTj3ulqLUJON0IgQO6SzxdZqJBtNnM_gWHfNC0JDlIRqi8Cp8QCWA85g',1),('d2f186f9-a76d-409b-b1c0-1f95d9d68399',1654656597,1654656597,1654742996,1,1654656596,'eyJhbGciOiJIUzUxMiJ9.eyJzdWIiOiJodHV5ZW5AY21jZ2xvYmFsLnZuIiwic2NvcGVzIjpbIlJPTEVfUkVGUkVTSF9UT0tFTiJdLCJ1c2VySWQiOjM0MywianRpIjoiZDJmMTg2ZjktYTc2ZC00MDliLWIxYzAtMWY5NWQ5ZDY4Mzk5IiwiaWF0IjoxNjU0NjU2NTk2LCJleHAiOjE2NTQ3NDI5OTZ9.U0bCiIRWlgn2BvpUsVZFfOPCN1VoqwDflmbOCd0N7ZvNUG9s6zzrHsDpV3MiQEpFuOTgNqgT6HrhsLo-OfFOww',343),('d43abab9-e618-4162-af6e-d400ad1699db',1663648223,1663648223,1663734623,1,1663648223,'eyJhbGciOiJIUzUxMiJ9.eyJzdWIiOiJkdGRhdDJAY21jZ2xvYmFsLnZuIiwic2NvcGVzIjpbIlJPTEVfUkVGUkVTSF9UT0tFTiJdLCJ1c2VySWQiOjM0MCwianRpIjoiZDQzYWJhYjktZTYxOC00MTYyLWFmNmUtZDQwMGFkMTY5OWRiIiwiaWF0IjoxNjYzNjQ4MjIzLCJleHAiOjE2NjM3MzQ2MjN9.vISedZ0BWLYTDxPpFtTLMDpoTO92YCIZMSxSVU4B3uetB0ajey2NSNr_3JMMOgxrIUyE4RAXvUxfbmyYG8_77w',340),('d4450bf2-505e-4264-b036-ee62fdf3e1c7',1652865671,1652865671,1652952070,1,1652865670,'eyJhbGciOiJIUzUxMiJ9.eyJzdWIiOiJhZG1pbkdsb2JhbEBnbWFpbC5jb20iLCJzY29wZXMiOlsiUk9MRV9SRUZSRVNIX1RPS0VOIl0sInVzZXJJZCI6MSwianRpIjoiZDQ0NTBiZjItNTA1ZS00MjY0LWIwMzYtZWU2MmZkZjNlMWM3IiwiaWF0IjoxNjUyODY1NjcwLCJleHAiOjE2NTI5NTIwNzB9.4kPp5zWAQM7oHZmsHfvPz2hy7XIEJJYaVCAIVndCHXcEHY4epiC45zn_oyYUSCXxrFw93Zdtbu8Q-MmRpG7h2A',1),('d76fc77e-88c3-40b0-9173-1a1ff38f0ce1',1664506538,1664506538,1664592938,1,1664506538,'eyJhbGciOiJIUzUxMiJ9.eyJzdWIiOiJwYm5hbUBjbWNnbG9iYWwudm4iLCJzY29wZXMiOlsiUk9MRV9SRUZSRVNIX1RPS0VOIl0sInVzZXJJZCI6OTA0LCJqdGkiOiJkNzZmYzc3ZS04OGMzLTQwYjAtOTE3My0xYTFmZjM4ZjBjZTEiLCJpYXQiOjE2NjQ1MDY1MzgsImV4cCI6MTY2NDU5MjkzOH0.cRMkoVYo9zDM-otHpgLtTGRqMAJI3IjJJJL-3Ivyna0x8JRQnDpt_KQLH5cbgU3Ex29LG7OuvUiZVfQRe07knw',904),('d9a7dab0-585c-492b-86c0-97d14abde7c5',1664877459,1664877459,1664963858,1,1664877458,'eyJhbGciOiJIUzUxMiJ9.eyJzdWIiOiJhZG1pbmdsb2JhbEBnbWFpbC5jb20iLCJzY29wZXMiOlsiUk9MRV9SRUZSRVNIX1RPS0VOIl0sInVzZXJJZCI6MSwianRpIjoiZDlhN2RhYjAtNTg1Yy00OTJiLTg2YzAtOTdkMTRhYmRlN2M1IiwiaWF0IjoxNjY0ODc3NDU4LCJleHAiOjE2NjQ5NjM4NTh9.w02qUhqljBzO570uI4XQWOJlMo17Blnj4O1CxkLb4nqSWi3fbMUFHkUB8_BJc4EKSnFrN7sF0QJz0P5N7fCdog',1),('db384d7b-9c37-4537-88b5-e1083abad36b',1669274195,1669274195,1669360595,1,1669274195,'eyJhbGciOiJIUzUxMiJ9.eyJzdWIiOiJkdGRhdDJAY21jZ2xvYmFsLnZuIiwic2NvcGVzIjpbIlJPTEVfUkVGUkVTSF9UT0tFTiJdLCJ1c2VySWQiOjM0MCwianRpIjoiZGIzODRkN2ItOWMzNy00NTM3LTg4YjUtZTEwODNhYmFkMzZiIiwiaWF0IjoxNjY5Mjc0MTk1LCJleHAiOjE2NjkzNjA1OTV9.xtrQSpUf5Gx61eKx3ywwO6pO9hls--ATpkhjEpd-9DrBQf8Bv5SbP8QVLVUUzdxxumDMoSl-Ry3P6CoBEeIcOg',340),('db7bafd2-d3eb-4b4c-a4ba-7149269dc638',1665996162,1665996162,1666082562,1,1665996162,'eyJhbGciOiJIUzUxMiJ9.eyJzdWIiOiJkdGRhdDJAY21jZ2xvYmFsLnZuIiwic2NvcGVzIjpbIlJPTEVfUkVGUkVTSF9UT0tFTiJdLCJ1c2VySWQiOjM0MCwianRpIjoiZGI3YmFmZDItZDNlYi00YjRjLWE0YmEtNzE0OTI2OWRjNjM4IiwiaWF0IjoxNjY1OTk2MTYyLCJleHAiOjE2NjYwODI1NjJ9.9GzAb4fEApnlJq02Rog8eOmihRnnzAH81JxSisChw1GCLvfKd4Pbj7cET8V68ry8fDaWv9rVOe9Zv0j9KKJ_uQ',340),('dde49561-486c-469c-b6de-f2a8a5d39119',1670836619,1670836619,1670923019,1,1670836619,'eyJhbGciOiJIUzUxMiJ9.eyJzdWIiOiJ0bW5oYXRAY21jZ2xvYmFsLnZuIiwic2NvcGVzIjpbIlJPTEVfUkVGUkVTSF9UT0tFTiJdLCJ1c2VySWQiOjg5MCwianRpIjoiZGRlNDk1NjEtNDg2Yy00NjljLWI2ZGUtZjJhOGE1ZDM5MTE5IiwiaWF0IjoxNjcwODM2NjE5LCJleHAiOjE2NzA5MjMwMTl9.BBq1ITA9qSaT_XI0MOT-iXRJdml6ZJAMbAmXU00exZNyaJijH5wmy4LrqKu62qovKa1W5cPHoT5G40UeCEeIWg',890),('de83230b-8942-4def-b9a0-d8b9237abfa7',1666853090,1666853090,1666939490,1,1666853090,'eyJhbGciOiJIUzUxMiJ9.eyJzdWIiOiJodHV5ZW5AY21jZ2xvYmFsLnZuIiwic2NvcGVzIjpbIlJPTEVfUkVGUkVTSF9UT0tFTiJdLCJ1c2VySWQiOjM0MywianRpIjoiZGU4MzIzMGItODk0Mi00ZGVmLWI5YTAtZDhiOTIzN2FiZmE3IiwiaWF0IjoxNjY2ODUzMDkwLCJleHAiOjE2NjY5Mzk0OTB9.d9LKq8DhIcrhSUVBgilDZEupVpqqxfb5SZSoiIh9BMivG6chV9oJz9jCD1uEr1nLtszqQjnZWHGEKRsHJgNR0A',343),('df881c1b-3216-4ba0-ba67-938c46efbd4a',1670897212,1670897212,1670983612,1,1670897212,'eyJhbGciOiJIUzUxMiJ9.eyJzdWIiOiJhZG1pbmdsb2JhbEBnbWFpbC5jb20iLCJzY29wZXMiOlsiUk9MRV9SRUZSRVNIX1RPS0VOIl0sInVzZXJJZCI6MSwianRpIjoiZGY4ODFjMWItMzIxNi00YmEwLWJhNjctOTM4YzQ2ZWZiZDRhIiwiaWF0IjoxNjcwODk3MjEyLCJleHAiOjE2NzA5ODM2MTJ9.zbx7eXn9fbIGzMileZNm_zVBf1DR5eAJYQahYnJsw_mFpwO2Md_hoBiJGDyWWeI8_GcYoaB9njRPGVdGvM9Raw',1),('e0f5656f-5e41-4a77-82bd-2a0f407f1e39',1670207195,1670207195,1670293595,1,1670207195,'eyJhbGciOiJIUzUxMiJ9.eyJzdWIiOiJ2dm5naGlhQGNtY2dsb2JhbC52biIsInNjb3BlcyI6WyJST0xFX1JFRlJFU0hfVE9LRU4iXSwidXNlcklkIjo5NzgsImp0aSI6ImUwZjU2NTZmLTVlNDEtNGE3Ny04MmJkLTJhMGY0MDdmMWUzOSIsImlhdCI6MTY3MDIwNzE5NSwiZXhwIjoxNjcwMjkzNTk1fQ.fDSwc8-0u4C9YsKj8wBtwIjyim0K3OEcgnUL6KsmhTvyS2CY8SLSis-f51kkjwVsFnG57b6l9yY8Dh0opwJpKw',978),('e1748b93-c9bc-443d-b22d-f496af54ec25',1667186447,1667186447,1667272847,1,1667186447,'eyJhbGciOiJIUzUxMiJ9.eyJzdWIiOiJhZG1pbmdsb2JhbEBnbWFpbC5jb20iLCJzY29wZXMiOlsiUk9MRV9SRUZSRVNIX1RPS0VOIl0sInVzZXJJZCI6MSwianRpIjoiZTE3NDhiOTMtYzliYy00NDNkLWIyMmQtZjQ5NmFmNTRlYzI1IiwiaWF0IjoxNjY3MTg2NDQ3LCJleHAiOjE2NjcyNzI4NDd9.i0zI9MY339uiyxuyl95yeqDWfv0r_pHNmtWsNKMM_85e6_MzRcXE737ztX7tq8TcUsVGu95bDLa1LQvxlCJglQ',1),('e1cdd2f0-4275-4663-a7dc-5f14c50dcfc0',1653015997,1653015997,1653102397,1,1653015997,'eyJhbGciOiJIUzUxMiJ9.eyJzdWIiOiJhZG1pbkdsb2JhbEBnbWFpbC5jb20iLCJzY29wZXMiOlsiUk9MRV9SRUZSRVNIX1RPS0VOIl0sInVzZXJJZCI6MSwianRpIjoiZTFjZGQyZjAtNDI3NS00NjYzLWE3ZGMtNWYxNGM1MGRjZmMwIiwiaWF0IjoxNjUzMDE1OTk3LCJleHAiOjE2NTMxMDIzOTd9.KUWcZBXnvZ2rChYlRC-aMQswPeVrVWKkU5jtgCC_e5M9IcaPsfYdEA6MY9pl24dTB-2cSuyG8450dRszBkrdmg',1),('e6a78c02-7d1b-48e7-ba9e-4b82ea844b97',1654874032,1654874032,1654960432,1,1654874032,'eyJhbGciOiJIUzUxMiJ9.eyJzdWIiOiJkdGRhdDJAY21jZ2xvYmFsLnZuIiwic2NvcGVzIjpbIlJPTEVfUkVGUkVTSF9UT0tFTiJdLCJ1c2VySWQiOjM0MCwianRpIjoiZTZhNzhjMDItN2QxYi00OGU3LWJhOWUtNGI4MmVhODQ0Yjk3IiwiaWF0IjoxNjU0ODc0MDMyLCJleHAiOjE2NTQ5NjA0MzJ9.K0GZ3ZemNaLjC4e4C9d0QrF_No21Umb25QWBn1m-GphAbMHdDx-xH_03nZDe4yQePWaheLsmhd0J_SacUs2Okg',340),('e7424a20-3f2f-4ef4-8623-2f4e1884890a',1671418045,1671418045,1671504445,1,1671418045,'eyJhbGciOiJIUzUxMiJ9.eyJzdWIiOiJodW9uZ25ndXllbnRoaTc4OTdAZ21haWwuY29tIiwic2NvcGVzIjpbIlJPTEVfUkVGUkVTSF9UT0tFTiJdLCJ1c2VySWQiOjk4NiwianRpIjoiZTc0MjRhMjAtM2YyZi00ZWY0LTg2MjMtMmY0ZTE4ODQ4OTBhIiwiaWF0IjoxNjcxNDE4MDQ1LCJleHAiOjE2NzE1MDQ0NDV9.kz-OT2b32_P-4FkcUIrKc0p4UwB2P0PFCYpujrcm0JynvgyVw2q6v4gthbXVBfz00fEs6T9HUxbr3ajPwrSYKg',986),('e77a9534-71ea-4ac5-a66d-be2efda4ecb1',1664339671,1664339671,1664426071,1,1664339671,'eyJhbGciOiJIUzUxMiJ9.eyJzdWIiOiJ0bW5oYXRAY21jZ2xvYmFsLnZuIiwic2NvcGVzIjpbIlJPTEVfUkVGUkVTSF9UT0tFTiJdLCJ1c2VySWQiOjg5MCwianRpIjoiZTc3YTk1MzQtNzFlYS00YWM1LWE2NmQtYmUyZWZkYTRlY2IxIiwiaWF0IjoxNjY0MzM5NjcxLCJleHAiOjE2NjQ0MjYwNzF9.a4GrKNuOBHvEmUE0rpRA9bFwSQo23bR3pvlTTdZTO57xENRmgPd6_jmSD0imy64QKH75lHB43XNTjQhcdVp4Mg',890),('e9355bba-4fb1-4606-9a84-a67bbc31447b',1670380388,1670380388,1670466788,1,1670380388,'eyJhbGciOiJIUzUxMiJ9.eyJzdWIiOiJhZG1pbmdsb2JhbEBnbWFpbC5jb20iLCJzY29wZXMiOlsiUk9MRV9SRUZSRVNIX1RPS0VOIl0sInVzZXJJZCI6MSwianRpIjoiZTkzNTViYmEtNGZiMS00NjA2LTlhODQtYTY3YmJjMzE0NDdiIiwiaWF0IjoxNjcwMzgwMzg4LCJleHAiOjE2NzA0NjY3ODh9.zB8s_JM_vESmECNZ6bRNEn0mmHk4oikxw8Gic5jrCtVemfQY-ncDm2AxhFHi2V4B67TBzM0tBQSygfuSz-xrnQ',1),('eae6766a-49bb-46e2-b3ad-a95c9a0048c4',1653558815,1653558815,1653645215,1,1653558815,'eyJhbGciOiJIUzUxMiJ9.eyJzdWIiOiJhZG1pbkdsb2JhbEBnbWFpbC5jb20iLCJzY29wZXMiOlsiUk9MRV9SRUZSRVNIX1RPS0VOIl0sInVzZXJJZCI6MSwianRpIjoiZWFlNjc2NmEtNDliYi00NmUyLWIzYWQtYTk1YzlhMDA0OGM0IiwiaWF0IjoxNjUzNTU4ODE1LCJleHAiOjE2NTM2NDUyMTV9.bBsmfyz24a-F5_6B7LzmayuqtU9nIzf39o9U337DPjLnqo2bpcC7L_mww0sa8BF6dfbG3XXjStO9PA40ZNUShw',1),('eb0a2368-dd9f-486d-b5c3-7541182d836d',1669974267,1669974267,1670060667,1,1669974267,'eyJhbGciOiJIUzUxMiJ9.eyJzdWIiOiJkdGRhdDJAY21jZ2xvYmFsLnZuIiwic2NvcGVzIjpbIlJPTEVfUkVGUkVTSF9UT0tFTiJdLCJ1c2VySWQiOjM0MCwianRpIjoiZWIwYTIzNjgtZGQ5Zi00ODZkLWI1YzMtNzU0MTE4MmQ4MzZkIiwiaWF0IjoxNjY5OTc0MjY3LCJleHAiOjE2NzAwNjA2Njd9.jkMCWMRC9_dZ5wlxw7ILt1tElxKMbOBZU--QI0WIu6woQONu4Iy7IN_h07LgIGO9fW2pmjmtmuxMGhdW2B8aSw',340),('ebcc4319-b491-41a1-849a-eec4c195f781',1669602683,1669602683,1669689083,1,1669602683,'eyJhbGciOiJIUzUxMiJ9.eyJzdWIiOiJkdGRhdDJAY21jZ2xvYmFsLnZuIiwic2NvcGVzIjpbIlJPTEVfUkVGUkVTSF9UT0tFTiJdLCJ1c2VySWQiOjM0MCwianRpIjoiZWJjYzQzMTktYjQ5MS00MWExLTg0OWEtZWVjNGMxOTVmNzgxIiwiaWF0IjoxNjY5NjAyNjgzLCJleHAiOjE2Njk2ODkwODN9.Bw4spBZYedgCbZpMMks4GrklX0zogpKsh7t-lMTB2IQH6xwSCCzIhYtyfx5mN2oSVxwQBfAVzrIw5Qz9gjuiew',340),('ed036624-25dc-482d-a4c4-34479f613627',1664260947,1664260947,1664347347,1,1664260947,'eyJhbGciOiJIUzUxMiJ9.eyJzdWIiOiJkdGRhdDJAY21jZ2xvYmFsLnZuIiwic2NvcGVzIjpbIlJPTEVfUkVGUkVTSF9UT0tFTiJdLCJ1c2VySWQiOjM0MCwianRpIjoiZWQwMzY2MjQtMjVkYy00ODJkLWE0YzQtMzQ0NzlmNjEzNjI3IiwiaWF0IjoxNjY0MjYwOTQ3LCJleHAiOjE2NjQzNDczNDd9.HMc2w348ffpfRgFcdfH2RBg8I3qx9Kn8IQj-UBPiIko8m4G4A8bZTwRYo-6epUCkkOPqA16IVpLe-6dthZfqmg',340),('ee1afa44-a683-44d2-a3ab-f9e7c4a8e0ca',1672041353,1672041353,1672127753,1,1672041353,'eyJhbGciOiJIUzUxMiJ9.eyJzdWIiOiJhZG1pbmdsb2JhbEBnbWFpbC5jb20iLCJzY29wZXMiOlsiUk9MRV9SRUZSRVNIX1RPS0VOIl0sInVzZXJJZCI6MSwianRpIjoiZWUxYWZhNDQtYTY4My00NGQyLWEzYWItZjllN2M0YThlMGNhIiwiaWF0IjoxNjcyMDQxMzUzLCJleHAiOjE2NzIxMjc3NTN9.qiiKoodJFnu9Xsz-uXSUhT8YulabxdORRCoK_avjjfJrfwccbn89nkBM2JRJFQl2vMdTQGSckJTELXo8f9wYKQ',1),('ee49631a-92d6-44b5-ac51-163aa63ee99f',1667458647,1667458647,1667545047,1,1667458647,'eyJhbGciOiJIUzUxMiJ9.eyJzdWIiOiJkdGRhdDJAY21jZ2xvYmFsLnZuIiwic2NvcGVzIjpbIlJPTEVfUkVGUkVTSF9UT0tFTiJdLCJ1c2VySWQiOjM0MCwianRpIjoiZWU0OTYzMWEtOTJkNi00NGI1LWFjNTEtMTYzYWE2M2VlOTlmIiwiaWF0IjoxNjY3NDU4NjQ3LCJleHAiOjE2Njc1NDUwNDd9.vd9cFLDeRA2-GyqfxGtml8thrMC9gkq0q33oA2wL7xaEG3gvJGY__W60VRjfH2dCseM-Ld9yD_zw_GJyrkvN-g',340),('ef16696f-b5bf-4245-a5a6-6dfd74f1f355',1655193602,1655193602,1655280002,1,1655193602,'eyJhbGciOiJIUzUxMiJ9.eyJzdWIiOiJodHV5ZW5AY21jZ2xvYmFsLnZuIiwic2NvcGVzIjpbIlJPTEVfUkVGUkVTSF9UT0tFTiJdLCJ1c2VySWQiOjM0MywianRpIjoiZWYxNjY5NmYtYjViZi00MjQ1LWE1YTYtNmRmZDc0ZjFmMzU1IiwiaWF0IjoxNjU1MTkzNjAyLCJleHAiOjE2NTUyODAwMDJ9.ls8JbVGLBdvK4Ap4lUbreDzuJ_rsCeNvcAeBT3f-OKHJhBg8-8kVgYVCrCstYeOWSzNR8ATV6Xb7E3Bdq5fDvw',343),('f177ad8e-53c7-47f4-9a1f-11ba4190887d',1670320136,1670320136,1670406536,1,1670320136,'eyJhbGciOiJIUzUxMiJ9.eyJzdWIiOiJodW9uZ25ndXllbnRoaTc4OTdAZ21haWwuY29tIiwic2NvcGVzIjpbIlJPTEVfUkVGUkVTSF9UT0tFTiJdLCJ1c2VySWQiOjk4NiwianRpIjoiZjE3N2FkOGUtNTNjNy00N2Y0LTlhMWYtMTFiYTQxOTA4ODdkIiwiaWF0IjoxNjcwMzIwMTM2LCJleHAiOjE2NzA0MDY1MzZ9.EXz9zUdN7kSas76-HNzbOrzkDSUa6oARcWJ8LPD6I3aotgeEOy8wFslir-kxYleQNZunPgJMn5CmX51OJvvQZg',986),('f3a5f576-6ea6-48d6-a98e-c76dc744b2c6',1671588683,1671588683,1671675083,1,1671588683,'eyJhbGciOiJIUzUxMiJ9.eyJzdWIiOiJodW9uZ25ndXllbnRoaTc4OTdAZ21haWwuY29tIiwic2NvcGVzIjpbIlJPTEVfUkVGUkVTSF9UT0tFTiJdLCJ1c2VySWQiOjk4NiwianRpIjoiZjNhNWY1NzYtNmVhNi00OGQ2LWE5OGUtYzc2ZGM3NDRiMmM2IiwiaWF0IjoxNjcxNTg4NjgzLCJleHAiOjE2NzE2NzUwODN9.ImMFZBFJKF01DnlDtwWas3tXGp6v4fXeVsrkkG9uqa0xry6TgL0U00aqj873xdSPtiGJgexdEZOW_VESegQSaA',986),('f3e1c99b-2f58-42a0-a981-c65aa56f697f',1670215607,1670215607,1670302007,1,1670215607,'eyJhbGciOiJIUzUxMiJ9.eyJzdWIiOiJodHV5ZW5AY21jZ2xvYmFsLnZuIiwic2NvcGVzIjpbIlJPTEVfUkVGUkVTSF9UT0tFTiJdLCJ1c2VySWQiOjM0MywianRpIjoiZjNlMWM5OWItMmY1OC00MmEwLWE5ODEtYzY1YWE1NmY2OTdmIiwiaWF0IjoxNjcwMjE1NjA3LCJleHAiOjE2NzAzMDIwMDd9.kazbpYv3UrnqOZCD4Am8pLdzsGJc0nxRNDplCzUjkYN9aVvW_86vUZZIewb0NoBRlwidppFLY8E41FB8LTzxGg',343),('f52445b7-662b-4ebc-8365-19a2285c7106',1665992078,1665992078,1666078478,1,1665992078,'eyJhbGciOiJIUzUxMiJ9.eyJzdWIiOiJhZG1pbmdsb2JhbEBnbWFpbC5jb20iLCJzY29wZXMiOlsiUk9MRV9SRUZSRVNIX1RPS0VOIl0sInVzZXJJZCI6MSwianRpIjoiZjUyNDQ1YjctNjYyYi00ZWJjLTgzNjUtMTlhMjI4NWM3MTA2IiwiaWF0IjoxNjY1OTkyMDc4LCJleHAiOjE2NjYwNzg0Nzh9.ERrN79MJlUBxNSFzUlG6VhTtT7UY_luSv_hwn4nDGOOMSg8TTv7M0n10ySdMZoe9_PfdWnNSItyZjopf2eIsOw',1),('f5acd8d3-b058-4fb2-aa89-6a8d4159de96',1662540011,1662540011,1662626411,1,1662540011,'eyJhbGciOiJIUzUxMiJ9.eyJzdWIiOiJkdGRhdDJAY21jZ2xvYmFsLnZuIiwic2NvcGVzIjpbIlJPTEVfUkVGUkVTSF9UT0tFTiJdLCJ1c2VySWQiOjM0MCwianRpIjoiZjVhY2Q4ZDMtYjA1OC00ZmIyLWFhODktNmE4ZDQxNTlkZTk2IiwiaWF0IjoxNjYyNTQwMDExLCJleHAiOjE2NjI2MjY0MTF9.dC15Rt56WwrxfrTjm8jsuqa-rLjHYTmMxVOfx2uOPJs-OmMRzVjgH7iplAtJQlrsU62PAfGERVkiOyd0kQ3UXg',340),('f5fd6e94-f9fc-4b9a-9e86-44fdd482df18',1663558445,1663558445,1663644845,1,1663558445,'eyJhbGciOiJIUzUxMiJ9.eyJzdWIiOiJhZG1pbkdsb2JhbEBnbWFpbC5jb20iLCJzY29wZXMiOlsiUk9MRV9SRUZSRVNIX1RPS0VOIl0sInVzZXJJZCI6MSwianRpIjoiZjVmZDZlOTQtZjlmYy00YjlhLTllODYtNDRmZGQ0ODJkZjE4IiwiaWF0IjoxNjYzNTU4NDQ1LCJleHAiOjE2NjM2NDQ4NDV9.91N3PQQCriwkk2l-4iFwsABb8QLQqXn6ljDU_U-pGLFEY8yaP5RH6RDU0he4BK8pm2hiG76Qg8XvzuWreRvzCg',1),('f6b0a827-d104-403a-8ea4-2299c426f3d9',1670808950,1670808950,1670895350,1,1670808950,'eyJhbGciOiJIUzUxMiJ9.eyJzdWIiOiJodW9uZ25ndXllbnRoaTc4OTdAZ21haWwuY29tIiwic2NvcGVzIjpbIlJPTEVfUkVGUkVTSF9UT0tFTiJdLCJ1c2VySWQiOjk4NiwianRpIjoiZjZiMGE4MjctZDEwNC00MDNhLThlYTQtMjI5OWM0MjZmM2Q5IiwiaWF0IjoxNjcwODA4OTUwLCJleHAiOjE2NzA4OTUzNTB9.TNRIZICMpcaPhREkDiiRlBEhRMmjh0X0xFXCCwls0csvFu_VEQ1IWxasI8G6KosBQhdhVY0SoZ3q2Kxvp9M5Bg',986),('f9557026-4bdd-4467-8d07-8ceb00520ab7',1670226098,1670226098,1670312498,1,1670226098,'eyJhbGciOiJIUzUxMiJ9.eyJzdWIiOiJudHRpbmgxQGNtY2dsb2JhbC52biIsInNjb3BlcyI6WyJST0xFX1JFRlJFU0hfVE9LRU4iXSwidXNlcklkIjo5ODIsImp0aSI6ImY5NTU3MDI2LTRiZGQtNDQ2Ny04ZDA3LThjZWIwMDUyMGFiNyIsImlhdCI6MTY3MDIyNjA5OCwiZXhwIjoxNjcwMzEyNDk4fQ.XS-l2S0sA8pn25YrIZ5LMvbNNCjE2D7jXDbesE90Hqvtxhquv0djlTbpqvQRdKlTyw03g_egfZGk8rkigj7MlQ',982),('fb1901b0-180b-4e9f-8c0f-74bf88fffe99',1670313513,1670313513,1670399913,1,1670313513,'eyJhbGciOiJIUzUxMiJ9.eyJzdWIiOiJkdGRhdDJAY21jZ2xvYmFsLnZuIiwic2NvcGVzIjpbIlJPTEVfUkVGUkVTSF9UT0tFTiJdLCJ1c2VySWQiOjM0MCwianRpIjoiZmIxOTAxYjAtMTgwYi00ZTlmLThjMGYtNzRiZjg4ZmZmZTk5IiwiaWF0IjoxNjcwMzEzNTEzLCJleHAiOjE2NzAzOTk5MTN9.Vg9XVOjb3KWRAS1BEDqQi5GWGCh-FiMfATKS7jUxrl2FXU6cce-BVWXo4UuXbww30fL0vhZP6sTeYUR2WwiRfA',340),('fd9103aa-450a-4569-aec0-18939dea74a2',1670986951,1670986951,1671073351,1,1670986951,'eyJhbGciOiJIUzUxMiJ9.eyJzdWIiOiJ2dm5naGlhQGNtY2dsb2JhbC52biIsInNjb3BlcyI6WyJST0xFX1JFRlJFU0hfVE9LRU4iXSwidXNlcklkIjo5NzgsImp0aSI6ImZkOTEwM2FhLTQ1MGEtNDU2OS1hZWMwLTE4OTM5ZGVhNzRhMiIsImlhdCI6MTY3MDk4Njk1MSwiZXhwIjoxNjcxMDczMzUxfQ.4g5m33vguT7vGbc76-RATgehGIgVB7UtDPcL7aYyoARDG_Mzko46B1zgepcS-z8zthhmU-tCxK0ICpXxi1hg_w',978),('ff9cc207-7e8a-4471-8554-31e19cfc23fb',1667360492,1667360492,1667446892,1,1667360492,'eyJhbGciOiJIUzUxMiJ9.eyJzdWIiOiJkdGRhdDJAY21jZ2xvYmFsLnZuIiwic2NvcGVzIjpbIlJPTEVfUkVGUkVTSF9UT0tFTiJdLCJ1c2VySWQiOjM0MCwianRpIjoiZmY5Y2MyMDctN2U4YS00NDcxLTg1NTQtMzFlMTljZmMyM2ZiIiwiaWF0IjoxNjY3MzYwNDkyLCJleHAiOjE2Njc0NDY4OTJ9.OP0jFPCrGa-EjIDMbGciHyjNI8MP2DXXkNtPo2Fgby2SOlKPY-vKqoUBcSYAzAf_t4q3UFtjAAS8UMrDRCiPcQ',340),('ffd775d0-e651-42e6-883b-2a8f0be4f26d',1657159330,1657159330,1657245730,1,1657159330,'eyJhbGciOiJIUzUxMiJ9.eyJzdWIiOiJhZG1pbkdsb2JhbEBnbWFpbC5jb20iLCJzY29wZXMiOlsiUk9MRV9SRUZSRVNIX1RPS0VOIl0sInVzZXJJZCI6MSwianRpIjoiZmZkNzc1ZDAtZTY1MS00MmU2LTg4M2ItMmE4ZjBiZTRmMjZkIiwiaWF0IjoxNjU3MTU5MzMwLCJleHAiOjE2NTcyNDU3MzB9.Vpl-xtTsA2Klfd08xV6OB-ShIjjBduVT5frMxqgyBESsRV5zAoxNl-ZhhUoQB86xO4q0GHy7faWMiJFGn0NVOA',1);
/*!40000 ALTER TABLE `users_refresh_token` ENABLE KEYS */;
UNLOCK TABLES;
/*!40103 SET TIME_ZONE=@OLD_TIME_ZONE */;

/*!40101 SET SQL_MODE=@OLD_SQL_MODE */;
/*!40014 SET FOREIGN_KEY_CHECKS=@OLD_FOREIGN_KEY_CHECKS */;
/*!40014 SET UNIQUE_CHECKS=@OLD_UNIQUE_CHECKS */;
/*!40101 SET CHARACTER_SET_CLIENT=@OLD_CHARACTER_SET_CLIENT */;
/*!40101 SET CHARACTER_SET_RESULTS=@OLD_CHARACTER_SET_RESULTS */;
/*!40101 SET COLLATION_CONNECTION=@OLD_COLLATION_CONNECTION */;
/*!40111 SET SQL_NOTES=@OLD_SQL_NOTES */;

-- Dump completed on 2022-12-28 10:00:01
